species,N,seed,auc_mean,auc_std,n_folds_used,n_pos_total
Minke whale,10,0,0.8904393201073013,0.028062373825825427,5,1094
Minke whale,10,1,0.9089395470100745,0.015784112269341743,5,1094
Minke whale,10,2,0.9044538394479092,0.021074256741850313,5,1094
Minke whale,10,3,0.8967210910859977,0.026552961108968477,5,1094
Minke whale,10,4,0.9030706735663061,0.02370503086870504,5,1094
Minke whale,30,0,0.9315546217053929,0.0201012391212388,5,1094
Minke whale,30,1,0.9291112379653914,0.007849805007445077,5,1094
Minke whale,30,2,0.9264786193638933,0.010274781064671452,5,1094
Minke whale,30,3,0.9212151818889989,0.021502716586371668,5,1094
Minke whale,30,4,0.9274145068229286,0.013332249405959588,5,1094
Minke whale,100,0,0.9469786578667516,0.013671365431915765,5,1094
Minke whale,100,1,0.9523244910618057,0.0048429004154803765,5,1094
Minke whale,100,2,0.9548583067610339,0.007235968829981181,5,1094
Minke whale,100,3,0.9453201611280582,0.0116583187641774,5,1094
Minke whale,100,4,0.94791291958028,0.01514064325795098,5,1094
Minke whale,300,0,0.9657972385187807,0.00540249781436076,5,1094
Minke whale,300,1,0.9627000583357408,0.0071125022958404265,5,1094
Minke whale,300,2,0.9655460868786792,0.0053135678101984465,5,1094
Minke whale,300,3,0.9635428968992968,0.009147391335940672,5,1094
Minke whale,300,4,0.9666453369105514,0.004096275532161016,5,1094
Minke whale,1000,0,0.9772425968875638,0.002228817366814372,5,1094
Minke whale,1000,1,0.9772425968875638,0.002228817366814372,5,1094
Minke whale,1000,2,0.9772425968875638,0.002228817366814372,5,1094
Minke whale,1000,3,0.9772425968875638,0.002228817366814372,5,1094
Minke whale,1000,4,0.9772425968875638,0.002228817366814372,5,1094
Minke whale,all,0,0.9772425968875638,0.002228817366814372,5,1094
Sperm whale,10,0,0.6537072855175128,0.04372061211074202,5,1375
Sperm whale,10,1,0.6463788911845729,0.06334086161169931,5,1375
Sperm whale,10,2,0.5932259887839433,0.026042868378641938,5,1375
Sperm whale,10,3,0.5904152499016135,0.031922798134039296,5,1375
Sperm whale,10,4,0.6142114079102716,0.04035661781798821,5,1375
Sperm whale,30,0,0.6877590613931522,0.028794914826480108,5,1375
Sperm whale,30,1,0.6875036550570642,0.04719392524017355,5,1375
Sperm whale,30,2,0.717306562377017,0.0425637992086789,5,1375
Sperm whale,30,3,0.7104526269185361,0.03439573227601616,5,1375
Sperm whale,30,4,0.7107729978354977,0.0454942512096104,5,1375
Sperm whale,100,0,0.8021537337662338,0.04397438848518001,5,1375
Sperm whale,100,1,0.8054761658795749,0.022709679056582006,5,1375
Sperm whale,100,2,0.8072412485242031,0.042868789579709694,5,1375
Sperm whale,100,3,0.8132603158205433,0.012472702203547842,5,1375
Sperm whale,100,4,0.7928241833923652,0.017689152487268055,5,1375
Sperm whale,300,0,0.8674610340417159,0.02669839372167098,5,1375
Sperm whale,300,1,0.86615091991342,0.015795477805279057,5,1375
Sperm whale,300,2,0.8768906532861079,0.017579662287840647,5,1375
Sperm whale,300,3,0.8736200757575757,0.017794676408883835,5,1375
Sperm whale,300,4,0.8724902302243212,0.021834189546613335,5,1375
Sperm whale,1000,0,0.9177704496261313,0.014847684501390701,5,1375
Sperm whale,1000,1,0.9167820444706809,0.013129184632853008,5,1375
Sperm whale,1000,2,0.9158000000000002,0.014085601756097651,5,1375
Sperm whale,1000,3,0.9164687475403385,0.015129482512951146,5,1375
Sperm whale,1000,4,0.9163953758362849,0.0150188105128944,5,1375
Sperm whale,all,0,0.9187005116096026,0.015154259682240817,5,1375
False killer whale,10,0,0.8743300435767323,0.0446519414266093,5,753
False killer whale,10,1,0.8444049367850692,0.059486020415102744,5,753
False killer whale,10,2,0.8860563662882373,0.022469494707378235,5,753
False killer whale,10,3,0.8738478032453199,0.04815815040772733,5,753
False killer whale,10,4,0.8914749881740776,0.03775599819905751,5,753
False killer whale,30,0,0.9251360568791032,0.020682656730044647,5,753
False killer whale,30,1,0.9257428166480318,0.02615952843341037,5,753
False killer whale,30,2,0.9286039878443851,0.02091360063101009,5,753
False killer whale,30,3,0.9296729734669305,0.019262278073001408,5,753
False killer whale,30,4,0.9386343102261977,0.010217940669269168,5,753
False killer whale,100,0,0.9686901461397323,0.007670069600785624,5,753
False killer whale,100,1,0.9637562749061093,0.009940948055973634,5,753
False killer whale,100,2,0.9639358723230412,0.007951799708164066,5,753
False killer whale,100,3,0.966630068303661,0.0061148684149117585,5,753
False killer whale,100,4,0.9656616123390958,0.007824818329132744,5,753
False killer whale,300,0,0.9831025866517589,0.002702917293444742,5,753
False killer whale,300,1,0.9820469385195378,0.004930645140623653,5,753
False killer whale,300,2,0.9835416867348986,0.002408489076980212,5,753
False killer whale,300,3,0.978903898612425,0.0029834458568625288,5,753
False killer whale,300,4,0.9845879597775292,0.0038446049163636748,5,753
False killer whale,1000,0,0.9891481544393796,0.0029521145912321293,5,753
False killer whale,1000,1,0.9891481544393796,0.0029521145912321293,5,753
False killer whale,1000,2,0.9891481544393796,0.0029521145912321293,5,753
False killer whale,1000,3,0.9891481544393796,0.0029521145912321293,5,753
False killer whale,1000,4,0.9891481544393796,0.0029521145912321293,5,753
False killer whale,all,0,0.9891481544393796,0.0029521145912321293,5,753
Short-finned pilot whale,10,0,0.9709346867478805,0.015231495184195575,5,234
Short-finned pilot whale,10,1,0.9730643649058311,0.016809817401793332,5,234
Short-finned pilot whale,10,2,0.9730622749898883,0.02026840597613633,5,234
Short-finned pilot whale,10,3,0.9649955110607863,0.015143848855292947,5,234
Short-finned pilot whale,10,4,0.9611710637496946,0.042525455243259444,5,234
Short-finned pilot whale,30,0,0.9901441979428218,0.0062507306225564165,5,234
Short-finned pilot whale,30,1,0.9839054071506663,0.012509556947430066,5,234
Short-finned pilot whale,30,2,0.9925993911461649,0.0023471231549814344,5,234
Short-finned pilot whale,30,3,0.9855534034844279,0.008735987093791323,5,234
Short-finned pilot whale,30,4,0.991671164366007,0.0039067979500326646,5,234
Short-finned pilot whale,100,0,0.9949794499941934,0.003894455390852806,5,234
Short-finned pilot whale,100,1,0.9959701202089615,0.002186008964710195,5,234
Short-finned pilot whale,100,2,0.9962343957114423,0.0017377572179701189,5,234
Short-finned pilot whale,100,3,0.9922308188265635,0.008352976595543616,5,234
Short-finned pilot whale,100,4,0.9934113485188878,0.005718886539887716,5,234
Short-finned pilot whale,300,0,0.9958552524217996,0.004587128161839016,5,234
Short-finned pilot whale,300,1,0.9958552524217996,0.004587128161839016,5,234
Short-finned pilot whale,300,2,0.9958552524217996,0.004587128161839016,5,234
Short-finned pilot whale,300,3,0.9958552524217996,0.004587128161839016,5,234
Short-finned pilot whale,300,4,0.9958552524217996,0.004587128161839016,5,234
Short-finned pilot whale,1000,0,0.9958552524217996,0.004587128161839016,5,234
Short-finned pilot whale,1000,1,0.9958552524217996,0.004587128161839016,5,234
Short-finned pilot whale,1000,2,0.9958552524217996,0.004587128161839016,5,234
Short-finned pilot whale,1000,3,0.9958552524217996,0.004587128161839016,5,234
Short-finned pilot whale,1000,4,0.9958552524217996,0.004587128161839016,5,234
Short-finned pilot whale,all,0,0.9958552524217996,0.004587128161839016,5,234
Rough-toothed dolphin,10,0,0.92877673417852,0.02357276803138076,5,105
Rough-toothed dolphin,10,1,0.9361386183261183,0.0350089265560191,5,105
Rough-toothed dolphin,10,2,0.9538416048237476,0.008722912896978453,5,105
Rough-toothed dolphin,10,3,0.9067918341579055,0.045198968863286164,5,105
Rough-toothed dolphin,10,4,0.9527607709750567,0.020376683886486193,5,105
Rough-toothed dolphin,30,0,0.9749710755514327,0.0131597448489308,5,105
Rough-toothed dolphin,30,1,0.9716474051741908,0.009966296529082055,5,105
Rough-toothed dolphin,30,2,0.97302540713255,0.020783632673951363,5,105
Rough-toothed dolphin,30,3,0.9713913368377654,0.019858829377214622,5,105
Rough-toothed dolphin,30,4,0.9767688363224079,0.017666327019222147,5,105
Rough-toothed dolphin,100,0,0.9839583977530406,0.01410232299793409,5,105
Rough-toothed dolphin,100,1,0.9839583977530406,0.01410232299793409,5,105
Rough-toothed dolphin,100,2,0.9839583977530406,0.01410232299793409,5,105
Rough-toothed dolphin,100,3,0.9839583977530406,0.01410232299793409,5,105
Rough-toothed dolphin,100,4,0.9839583977530406,0.01410232299793409,5,105
Rough-toothed dolphin,300,0,0.9839583977530406,0.01410232299793409,5,105
Rough-toothed dolphin,300,1,0.9839583977530406,0.01410232299793409,5,105
Rough-toothed dolphin,300,2,0.9839583977530406,0.01410232299793409,5,105
Rough-toothed dolphin,300,3,0.9839583977530406,0.01410232299793409,5,105
Rough-toothed dolphin,300,4,0.9839583977530406,0.01410232299793409,5,105
Rough-toothed dolphin,1000,0,0.9839583977530406,0.01410232299793409,5,105
Rough-toothed dolphin,1000,1,0.9839583977530406,0.01410232299793409,5,105
Rough-toothed dolphin,1000,2,0.9839583977530406,0.01410232299793409,5,105
Rough-toothed dolphin,1000,3,0.9839583977530406,0.01410232299793409,5,105
Rough-toothed dolphin,1000,4,0.9839583977530406,0.01410232299793409,5,105
Rough-toothed dolphin,all,0,0.9839583977530406,0.01410232299793409,5,105
Offshore spotted dolphin,10,0,0.8731975108225107,0.03440123220086714,5,123
Offshore spotted dolphin,10,1,0.8551607142857144,0.03783875210480628,5,123
Offshore spotted dolphin,10,2,0.8343828463203463,0.05551348122010885,5,123
Offshore spotted dolphin,10,3,0.8566387987012988,0.02658140253354023,5,123
Offshore spotted dolphin,10,4,0.8020741341991343,0.10062664788117617,5,123
Offshore spotted dolphin,30,0,0.9121344696969697,0.03000249216319234,5,123
Offshore spotted dolphin,30,1,0.9267307900432902,0.016431442600831393,5,123
Offshore spotted dolphin,30,2,0.8977426948051948,0.01980722110580293,5,123
Offshore spotted dolphin,30,3,0.9120551948051949,0.030328502327315675,5,123
Offshore spotted dolphin,30,4,0.9106699134199134,0.0387322613021206,5,123
Offshore spotted dolphin,100,0,0.961730248917749,0.01962046718269714,5,123
Offshore spotted dolphin,100,1,0.961730248917749,0.01962046718269714,5,123
Offshore spotted dolphin,100,2,0.961730248917749,0.01962046718269714,5,123
Offshore spotted dolphin,100,3,0.961730248917749,0.01962046718269714,5,123
Offshore spotted dolphin,100,4,0.961730248917749,0.01962046718269714,5,123
Offshore spotted dolphin,300,0,0.961730248917749,0.01962046718269714,5,123
Offshore spotted dolphin,300,1,0.961730248917749,0.01962046718269714,5,123
Offshore spotted dolphin,300,2,0.961730248917749,0.01962046718269714,5,123
Offshore spotted dolphin,300,3,0.961730248917749,0.01962046718269714,5,123
Offshore spotted dolphin,300,4,0.961730248917749,0.01962046718269714,5,123
Offshore spotted dolphin,1000,0,0.961730248917749,0.01962046718269714,5,123
Offshore spotted dolphin,1000,1,0.961730248917749,0.01962046718269714,5,123
Offshore spotted dolphin,1000,2,0.961730248917749,0.01962046718269714,5,123
Offshore spotted dolphin,1000,3,0.961730248917749,0.01962046718269714,5,123
Offshore spotted dolphin,1000,4,0.961730248917749,0.01962046718269714,5,123
Offshore spotted dolphin,all,0,0.961730248917749,0.01962046718269714,5,123
Striped dolphin,10,0,0.8248763765715417,0.03482421625560935,5,261
Striped dolphin,10,1,0.8483595728171199,0.04202425421422876,5,261
Striped dolphin,10,2,0.8493882890890555,0.04575323308731104,5,261
Striped dolphin,10,3,0.7930368079247796,0.04455192385665769,5,261
Striped dolphin,10,4,0.8431071346106723,0.039704694729184836,5,261
Striped dolphin,30,0,0.9164710648039067,0.019325964708252055,5,261
Striped dolphin,30,1,0.8932552760721982,0.029077406510595902,5,261
Striped dolphin,30,2,0.9056321253432102,0.010434408328217362,5,261
Striped dolphin,30,3,0.9055683226953863,0.01722600910289783,5,261
Striped dolphin,30,4,0.9188078372099598,0.014456937850270338,5,261
Striped dolphin,100,0,0.947436080036316,0.010296010686382074,5,261
Striped dolphin,100,1,0.9516641755453665,0.007222926316216194,5,261
Striped dolphin,100,2,0.9514409367165853,0.007355058784334013,5,261
Striped dolphin,100,3,0.9460783541340735,0.01857627974982232,5,261
Striped dolphin,100,4,0.9526435023310024,0.0069572762903900125,5,261
Striped dolphin,300,0,0.9660837869873837,0.005341495268936232,5,261
Striped dolphin,300,1,0.9660837869873837,0.005341495268936232,5,261
Striped dolphin,300,2,0.9660837869873837,0.005341495268936232,5,261
Striped dolphin,300,3,0.9660837869873837,0.005341495268936232,5,261
Striped dolphin,300,4,0.9660837869873837,0.005341495268936232,5,261
Striped dolphin,1000,0,0.9660837869873837,0.005341495268936232,5,261
Striped dolphin,1000,1,0.9660837869873837,0.005341495268936232,5,261
Striped dolphin,1000,2,0.9660837869873837,0.005341495268936232,5,261
Striped dolphin,1000,3,0.9660837869873837,0.005341495268936232,5,261
Striped dolphin,1000,4,0.9660837869873837,0.005341495268936232,5,261
Striped dolphin,all,0,0.9660837869873837,0.005341495268936232,5,261
