Recall,FP_h,TP,FP,evaluator,th,enc_name,sname
0.25929127052722556,51.246119733924616,300,1284,eval_at,-0.009905166923999786,OceanBEATs_fixed_valref,kNN_z
0.25842696629213485,51.36585365853659,299,1287,eval_at,0.008431050642393316,OceanBEATs_fixed_valref,kNN_z
0.2601555747623163,50.926829268292686,301,1276,eval_at,0.024764968771487705,OceanBEATs_fixed_valref,kNN_z
0.25929127052722556,50.926829268292686,300,1276,eval_at,0.042857667002827095,OceanBEATs_fixed_valref,kNN_z
0.2566983578219533,51.605321507760536,297,1293,eval_at,0.06199653625488277,OceanBEATs_fixed_valref,kNN_z
0.2541054451166811,51.36585365853659,294,1287,eval_at,0.08115200176835068,OceanBEATs_fixed_valref,kNN_z
0.2541054451166811,51.046563192904664,294,1279,eval_at,0.0990132327377797,OceanBEATs_fixed_valref,kNN_z
0.24891961970613655,50.767184035476724,288,1272,eval_at,0.11853508211672308,OceanBEATs_fixed_valref,kNN_z
0.24546240276577355,50.527716186252775,284,1266,eval_at,0.13648613035678864,OceanBEATs_fixed_valref,kNN_z
0.2428694900605013,50.168514412416854,281,1257,eval_at,0.153144908770919,OceanBEATs_fixed_valref,kNN_z
0.2394122731201383,49.889135254988915,277,1250,eval_at,0.1716686807572842,OceanBEATs_fixed_valref,kNN_z
0.23509075194468454,49.929046563192905,272,1251,eval_at,0.1916453601419927,OceanBEATs_fixed_valref,kNN_z
0.23336214347450301,49.68957871396896,270,1245,eval_at,0.20776755571365363,OceanBEATs_fixed_valref,kNN_z
0.23249783923941228,49.490022172949004,269,1240,eval_at,0.2271126800030469,OceanBEATs_fixed_valref,kNN_z
0.22904062229904926,49.450110864745014,265,1239,eval_at,0.24542111828923197,OceanBEATs_fixed_valref,kNN_z
0.22558340535868626,48.77161862527716,261,1222,eval_at,0.26348891779780376,OceanBEATs_fixed_valref,kNN_z
0.22731201382886776,48.45232815964523,263,1214,eval_at,0.28225147485733026,OceanBEATs_fixed_valref,kNN_z
0.226447709593777,48.1729490022173,262,1207,eval_at,0.30130083248019196,OceanBEATs_fixed_valref,kNN_z
0.22558340535868626,48.01330376940133,261,1203,eval_at,0.32194632172584536,OceanBEATs_fixed_valref,kNN_z
0.22990492653414002,47.33481152993348,266,1186,eval_at,0.3422398743033406,OceanBEATs_fixed_valref,kNN_z
0.23076923076923078,47.17516629711752,267,1182,eval_at,0.364355731010437,OceanBEATs_fixed_valref,kNN_z
0.22817631806395852,47.2549889135255,264,1184,eval_at,0.38542412683367727,OceanBEATs_fixed_valref,kNN_z
0.22731201382886776,47.21507760532151,263,1183,eval_at,0.40299200594425194,OceanBEATs_fixed_valref,kNN_z
0.226447709593777,46.97560975609756,262,1177,eval_at,0.42247089415788647,OceanBEATs_fixed_valref,kNN_z
0.22731201382886776,46.85587583148559,263,1174,eval_at,0.44125420212745675,OceanBEATs_fixed_valref,kNN_z
0.22212618841832324,46.69623059866963,257,1170,eval_at,0.4589541479945183,OceanBEATs_fixed_valref,kNN_z
0.22385479688850476,46.8159645232816,259,1173,eval_at,0.4798912703990934,OceanBEATs_fixed_valref,kNN_z
0.22039757994814174,46.69623059866963,255,1170,eval_at,0.5010619330406189,OceanBEATs_fixed_valref,kNN_z
0.219533275713051,46.13747228381375,254,1156,eval_at,0.5220861673355103,OceanBEATs_fixed_valref,kNN_z
0.2143474503025065,45.9379157427938,248,1151,eval_at,0.5398482057452202,OceanBEATs_fixed_valref,kNN_z
0.20916162489196197,45.49889135254989,242,1140,eval_at,0.556368774175644,OceanBEATs_fixed_valref,kNN_z
0.20397579948141745,45.25942350332595,236,1134,eval_at,0.5788755232095719,OceanBEATs_fixed_valref,kNN_z
0.20397579948141745,45.05986696230599,236,1129,eval_at,0.597545177936554,OceanBEATs_fixed_valref,kNN_z
0.20051858254105445,44.94013303769402,232,1126,eval_at,0.6175737550854686,OceanBEATs_fixed_valref,kNN_z
0.19706136560069146,44.46119733924613,228,1114,eval_at,0.6370304018259049,OceanBEATs_fixed_valref,kNN_z
0.19533275713050993,44.22172949002218,226,1108,eval_at,0.6556736811995507,OceanBEATs_fixed_valref,kNN_z
0.19360414866032843,43.82261640798227,224,1098,eval_at,0.6758191585540773,OceanBEATs_fixed_valref,kNN_z
0.19101123595505617,43.86252771618626,221,1099,eval_at,0.6945099729299545,OceanBEATs_fixed_valref,kNN_z
0.18668971477960242,43.6629711751663,216,1094,eval_at,0.7151263642311094,OceanBEATs_fixed_valref,kNN_z
0.18236819360414866,43.383592017738366,211,1087,eval_at,0.7348266929388044,OceanBEATs_fixed_valref,kNN_z
0.18236819360414866,43.144124168514416,211,1081,eval_at,0.7552422642707824,OceanBEATs_fixed_valref,kNN_z
0.1797752808988764,42.745011086474506,208,1071,eval_at,0.776385068297386,OceanBEATs_fixed_valref,kNN_z
0.1780466724286949,42.705099778270515,206,1070,eval_at,0.7998047137260436,OceanBEATs_fixed_valref,kNN_z
0.1780466724286949,42.106430155210646,206,1055,eval_at,0.8196497684717178,OceanBEATs_fixed_valref,kNN_z
0.17545375972342264,41.667405764966745,203,1044,eval_at,0.8403351306915282,OceanBEATs_fixed_valref,kNN_z
0.1780466724286949,41.747228381374725,206,1046,eval_at,0.8612132027745243,OceanBEATs_fixed_valref,kNN_z
0.1694036300777874,41.148558758314856,196,1031,eval_at,0.8798397737741467,OceanBEATs_fixed_valref,kNN_z
0.1676750216076059,40.669623059866964,194,1019,eval_at,0.8993784525990486,OceanBEATs_fixed_valref,kNN_z
0.1694036300777874,40.43015521064302,196,1013,eval_at,0.9178377449512484,OceanBEATs_fixed_valref,kNN_z
0.16421780466724287,39.75166297117517,190,996,eval_at,0.9387111556529998,OceanBEATs_fixed_valref,kNN_z
0.16076058772687987,39.03325942350333,186,978,eval_at,0.9611489921808243,OceanBEATs_fixed_valref,kNN_z
0.16076058772687987,39.23281596452328,186,983,eval_at,0.9815641617774967,OceanBEATs_fixed_valref,kNN_z
0.15730337078651685,39.19290465631929,182,982,eval_at,1.002511749267578,OceanBEATs_fixed_valref,kNN_z
0.15038893690579083,38.55432372505543,174,966,eval_at,1.0230742704868316,OceanBEATs_fixed_valref,kNN_z
0.14779602420051857,38.55432372505543,171,966,eval_at,1.0437960648536688,OceanBEATs_fixed_valref,kNN_z
0.14606741573033707,38.31485587583149,169,960,eval_at,1.0675197601318358,OceanBEATs_fixed_valref,kNN_z
0.14433880726015558,37.95565410199557,167,951,eval_at,1.0889075708389282,OceanBEATs_fixed_valref,kNN_z
0.14001728608470182,37.59645232815965,162,942,eval_at,1.1091679847240448,OceanBEATs_fixed_valref,kNN_z
0.1331028522039758,37.39689578713969,154,937,eval_at,1.1287824273109435,OceanBEATs_fixed_valref,kNN_z
0.12964563526361278,36.43902439024391,150,913,eval_at,1.1503133434057238,OceanBEATs_fixed_valref,kNN_z
0.12618841832324978,35.92017738359202,146,900,eval_at,1.1726157188415527,OceanBEATs_fixed_valref,kNN_z
0.12273120138288678,35.04212860310422,142,878,eval_at,1.1942823982238768,OceanBEATs_fixed_valref,kNN_z
0.12013828867761452,34.84257206208426,139,873,eval_at,1.2176420235633851,OceanBEATs_fixed_valref,kNN_z
0.11754537597234227,34.12416851441242,136,855,eval_at,1.2409615933895108,OceanBEATs_fixed_valref,kNN_z
0.11063094209161625,33.68514412416852,128,844,eval_at,1.260698411464691,OceanBEATs_fixed_valref,kNN_z
0.1063094209161625,32.966740576496676,123,826,eval_at,1.2823903977870932,OceanBEATs_fixed_valref,kNN_z
0.10544511668107173,32.407982261640804,122,812,eval_at,1.3027356994152068,OceanBEATs_fixed_valref,kNN_z
0.10371650821089023,32.04878048780488,120,803,eval_at,1.328858056664467,OceanBEATs_fixed_valref,kNN_z
0.10285220397579949,31.64966740576497,119,793,eval_at,1.3533679580688476,OceanBEATs_fixed_valref,kNN_z
0.09507346585998272,30.891352549889138,110,774,eval_at,1.3790263366699218,OceanBEATs_fixed_valref,kNN_z
0.09507346585998272,30.811529933481154,110,772,eval_at,1.4021633446216584,OceanBEATs_fixed_valref,kNN_z
0.09075194468452895,30.133037694013307,105,755,eval_at,1.426366180181503,OceanBEATs_fixed_valref,kNN_z
0.08902333621434745,29.095343680709536,103,729,eval_at,1.4525166010856627,OceanBEATs_fixed_valref,kNN_z
0.08556611927398444,27.81818181818182,99,697,eval_at,1.4770316010713578,OceanBEATs_fixed_valref,kNN_z
0.08038029386343994,27.05986696230599,93,678,eval_at,1.5034060716629025,OceanBEATs_fixed_valref,kNN_z
0.07692307692307693,26.860310421286034,89,673,eval_at,1.5296020805835724,OceanBEATs_fixed_valref,kNN_z
0.07519446845289542,26.221729490022174,87,657,eval_at,1.557452006340027,OceanBEATs_fixed_valref,kNN_z
0.07433016421780467,25.503325942350333,86,639,eval_at,1.5861279761791227,OceanBEATs_fixed_valref,kNN_z
0.07173725151253241,24.66518847006652,83,618,eval_at,1.6122373390197755,OceanBEATs_fixed_valref,kNN_z
0.07260155574762317,23.427937915742795,84,587,eval_at,1.6420626103878024,OceanBEATs_fixed_valref,kNN_z
0.0665514261019879,22.509977827051,77,564,eval_at,1.669916236400604,OceanBEATs_fixed_valref,kNN_z
0.06136560069144339,21.79157427937916,71,546,eval_at,1.7045922601222994,OceanBEATs_fixed_valref,kNN_z
0.05790838375108038,20.913525498891353,67,524,eval_at,1.7371764206886293,OceanBEATs_fixed_valref,kNN_z
0.058772687986171135,19.7960088691796,68,496,eval_at,1.7748317420482635,OceanBEATs_fixed_valref,kNN_z
0.056179775280898875,19.07760532150776,65,478,eval_at,1.8155619955062867,OceanBEATs_fixed_valref,kNN_z
0.05358686257562662,18.039911308203994,62,452,eval_at,1.8587961971759797,OceanBEATs_fixed_valref,kNN_z
0.05099394987035436,17.16186252771619,59,430,eval_at,1.9064133095741271,OceanBEATs_fixed_valref,kNN_z
0.049265341400172864,16.004434589800443,57,401,eval_at,1.95513234436512,OceanBEATs_fixed_valref,kNN_z
0.05012964563526361,14.527716186252773,58,364,eval_at,2.0108552265167234,OceanBEATs_fixed_valref,kNN_z
0.046672428694900604,13.769401330376942,54,345,eval_at,2.067419731616974,OceanBEATs_fixed_valref,kNN_z
0.04235090751944685,12.651884700665189,49,317,eval_at,2.1216321110725387,OceanBEATs_fixed_valref,kNN_z
0.04062229904926534,11.534368070953438,47,289,eval_at,2.191552155017851,OceanBEATs_fixed_valref,kNN_z
0.03543647363872083,10.257206208425721,41,257,eval_at,2.270799446105958,OceanBEATs_fixed_valref,kNN_z
0.03111495246326707,8.660753880266077,36,217,eval_at,2.3634525716304777,OceanBEATs_fixed_valref,kNN_z
0.03197925669835782,7.74279379157428,37,194,eval_at,2.4551436185836772,OceanBEATs_fixed_valref,kNN_z
0.028522039757994815,6.705099778270511,33,168,eval_at,2.5520155668258666,OceanBEATs_fixed_valref,kNN_z
0.02679343128781331,5.348115299334812,31,134,eval_at,2.6775408267974847,OceanBEATs_fixed_valref,kNN_z
0.01901469317199654,4.070953436807096,22,102,eval_at,2.8412906360626207,OceanBEATs_fixed_valref,kNN_z
0.016421780466724288,2.753880266075388,19,69,eval_at,3.0382089853286747,OceanBEATs_fixed_valref,kNN_z
0.007778738115816767,1.3170731707317074,9,33,eval_at,3.3869329202175105,OceanBEATs_fixed_valref,kNN_z
0.25324114088159033,54.19955654101996,293,1358,eval_at,-0.008646570146083832,OceanBEATs_fixed_valref,Mahalanobis_z
0.2480553154710458,54.11973392461198,287,1356,eval_at,0.007792678289115229,OceanBEATs_fixed_valref,Mahalanobis_z
0.24719101123595505,53.72062084257207,286,1346,eval_at,0.02636594232171851,OceanBEATs_fixed_valref,Mahalanobis_z
0.2445980985306828,53.80044345898005,283,1348,eval_at,0.044506108630448626,OceanBEATs_fixed_valref,Mahalanobis_z
0.24632670700086431,53.48115299334812,285,1340,eval_at,0.06299386352300644,OceanBEATs_fixed_valref,Mahalanobis_z
0.2497839239412273,53.44124168514413,289,1339,eval_at,0.07975355256348932,OceanBEATs_fixed_valref,Mahalanobis_z
0.25064822817631804,53.5609756097561,290,1342,eval_at,0.09827962353825571,OceanBEATs_fixed_valref,Mahalanobis_z
0.24719101123595505,53.72062084257207,286,1346,eval_at,0.11825122803449631,OceanBEATs_fixed_valref,Mahalanobis_z
0.24546240276577355,53.5609756097561,284,1342,eval_at,0.13697101533412942,OceanBEATs_fixed_valref,Mahalanobis_z
0.2428694900605013,53.44124168514413,281,1339,eval_at,0.1564189024269581,OceanBEATs_fixed_valref,Mahalanobis_z
0.2411408815903198,53.44124168514413,279,1339,eval_at,0.17620470672845853,OceanBEATs_fixed_valref,Mahalanobis_z
0.24200518582541056,53.36141906873615,280,1337,eval_at,0.19427459985017784,OceanBEATs_fixed_valref,Mahalanobis_z
0.2428694900605013,53.5609756097561,281,1342,eval_at,0.21156358361244204,OceanBEATs_fixed_valref,Mahalanobis_z
0.23854796888504753,53.88026607538803,276,1350,eval_at,0.23039476804435238,OceanBEATs_fixed_valref,Mahalanobis_z
0.24027657735522903,53.281596452328166,278,1335,eval_at,0.24843194097280494,OceanBEATs_fixed_valref,Mahalanobis_z
0.23854796888504753,53.20177383592018,276,1333,eval_at,0.26605473756790154,OceanBEATs_fixed_valref,Mahalanobis_z
0.23768366464995677,53.1219512195122,275,1331,eval_at,0.28374294757843016,OceanBEATs_fixed_valref,Mahalanobis_z
0.23595505617977527,52.84257206208426,273,1324,eval_at,0.3010329587757586,OceanBEATs_fixed_valref,Mahalanobis_z
0.23854796888504753,52.48337028824834,276,1315,eval_at,0.3200091654062271,OceanBEATs_fixed_valref,Mahalanobis_z
0.23768366464995677,52.40354767184036,275,1313,eval_at,0.3371487720310687,OceanBEATs_fixed_valref,Mahalanobis_z
0.23768366464995677,52.283813747228386,275,1310,eval_at,0.3580786824226378,OceanBEATs_fixed_valref,Mahalanobis_z
0.23336214347450301,51.924611973392466,270,1301,eval_at,0.3764622287452221,OceanBEATs_fixed_valref,Mahalanobis_z
0.23336214347450301,51.286031042128606,270,1285,eval_at,0.394754749238491,OceanBEATs_fixed_valref,Mahalanobis_z
0.23249783923941228,51.246119733924616,269,1284,eval_at,0.41179473191499705,OceanBEATs_fixed_valref,Mahalanobis_z
0.22817631806395852,50.647450110864746,264,1269,eval_at,0.43067830562591564,OceanBEATs_fixed_valref,Mahalanobis_z
0.22212618841832324,50.208425720620845,257,1258,eval_at,0.44830066710710526,OceanBEATs_fixed_valref,Mahalanobis_z
0.22212618841832324,50.248337028824835,257,1259,eval_at,0.46776179045438765,OceanBEATs_fixed_valref,Mahalanobis_z
0.22385479688850476,50.208425720620845,259,1258,eval_at,0.4869286003708844,OceanBEATs_fixed_valref,Mahalanobis_z
0.2247191011235955,49.60975609756098,260,1243,eval_at,0.5044535899162294,OceanBEATs_fixed_valref,Mahalanobis_z
0.22039757994814174,49.29046563192905,255,1235,eval_at,0.5249285513162613,OceanBEATs_fixed_valref,Mahalanobis_z
0.21866897147796024,48.85144124168515,253,1224,eval_at,0.5434757351875307,OceanBEATs_fixed_valref,Mahalanobis_z
0.21694036300777875,48.45232815964523,251,1214,eval_at,0.5602767729759217,OceanBEATs_fixed_valref,Mahalanobis_z
0.21866897147796024,48.05321507760532,253,1204,eval_at,0.5823464643955231,OceanBEATs_fixed_valref,Mahalanobis_z
0.21348314606741572,47.77383592017739,247,1197,eval_at,0.602332379817963,OceanBEATs_fixed_valref,Mahalanobis_z
0.21175453759723423,47.61419068736142,245,1193,eval_at,0.6231696474552154,OceanBEATs_fixed_valref,Mahalanobis_z
0.21175453759723423,47.41463414634147,245,1188,eval_at,0.6452066063880921,OceanBEATs_fixed_valref,Mahalanobis_z
0.2065687121866897,46.73614190687362,239,1171,eval_at,0.6637833213806159,OceanBEATs_fixed_valref,Mahalanobis_z
0.20224719101123595,46.29711751662972,234,1160,eval_at,0.6836771357059481,OceanBEATs_fixed_valref,Mahalanobis_z
0.19706136560069146,45.85809312638581,228,1149,eval_at,0.7035486650466918,OceanBEATs_fixed_valref,Mahalanobis_z
0.19101123595505617,45.33924611973393,221,1136,eval_at,0.7231642955541611,OceanBEATs_fixed_valref,Mahalanobis_z
0.19014693171996544,45.17960088691796,220,1132,eval_at,0.743968719244003,OceanBEATs_fixed_valref,Mahalanobis_z
0.18668971477960242,45.019955654102,216,1128,eval_at,0.7647380638122557,OceanBEATs_fixed_valref,Mahalanobis_z
0.18496110630942092,44.82039911308205,214,1123,eval_at,0.7854027891159057,OceanBEATs_fixed_valref,Mahalanobis_z
0.18063958513396716,44.30155210643016,209,1110,eval_at,0.806789091527462,OceanBEATs_fixed_valref,Mahalanobis_z
0.1797752808988764,43.98226164079823,208,1102,eval_at,0.8269949698448177,OceanBEATs_fixed_valref,Mahalanobis_z
0.1797752808988764,43.86252771618626,208,1099,eval_at,0.8480331674218177,OceanBEATs_fixed_valref,Mahalanobis_z
0.1763180639585134,43.2239467849224,204,1083,eval_at,0.8681405866146086,OceanBEATs_fixed_valref,Mahalanobis_z
0.17113223854796888,42.86474501108648,198,1074,eval_at,0.8919596317410469,OceanBEATs_fixed_valref,Mahalanobis_z
0.1676750216076059,42.305986696230605,194,1060,eval_at,0.9116567754745485,OceanBEATs_fixed_valref,Mahalanobis_z
0.1676750216076059,41.827050997782706,194,1048,eval_at,0.9327349716424939,OceanBEATs_fixed_valref,Mahalanobis_z
0.1633535004321521,40.949002217294904,189,1026,eval_at,0.9543646723031998,OceanBEATs_fixed_valref,Mahalanobis_z
0.1598962834917891,41.068736141906875,185,1029,eval_at,0.9736274647712708,OceanBEATs_fixed_valref,Mahalanobis_z
0.1616248919619706,40.909090909090914,187,1025,eval_at,0.9913019800186155,OceanBEATs_fixed_valref,Mahalanobis_z
0.15730337078651685,39.951219512195124,182,1001,eval_at,1.0150163406133652,OceanBEATs_fixed_valref,Mahalanobis_z
0.1547104580812446,39.47228381374723,179,989,eval_at,1.0367732489109043,OceanBEATs_fixed_valref,Mahalanobis_z
0.15557476231633535,39.11308203991131,180,980,eval_at,1.0579249441623688,OceanBEATs_fixed_valref,Mahalanobis_z
0.15384615384615385,38.75388026607539,178,971,eval_at,1.081181881427765,OceanBEATs_fixed_valref,Mahalanobis_z
0.15038893690579083,38.07538802660754,174,954,eval_at,1.1033373326063158,OceanBEATs_fixed_valref,Mahalanobis_z
0.14433880726015558,37.31707317073171,167,935,eval_at,1.1256992805004118,OceanBEATs_fixed_valref,Mahalanobis_z
0.14347450302506481,36.51884700665189,166,915,eval_at,1.14675225019455,OceanBEATs_fixed_valref,Mahalanobis_z
0.14001728608470182,36.19955654101996,162,907,eval_at,1.167433023452759,OceanBEATs_fixed_valref,Mahalanobis_z
0.1365600691443388,35.84035476718404,158,898,eval_at,1.1909437686204911,OceanBEATs_fixed_valref,Mahalanobis_z
0.13223854796888504,35.80044345898005,153,897,eval_at,1.212703623771668,OceanBEATs_fixed_valref,Mahalanobis_z
0.12791702679343128,34.96230598669624,148,876,eval_at,1.2355673265457152,OceanBEATs_fixed_valref,Mahalanobis_z
0.12532411408815902,34.92239467849224,145,875,eval_at,1.2582734656333923,OceanBEATs_fixed_valref,Mahalanobis_z
0.11927398444252377,34.40354767184036,138,862,eval_at,1.281890797615051,OceanBEATs_fixed_valref,Mahalanobis_z
0.11840968020743302,34.00443458980045,137,852,eval_at,1.307645661830902,OceanBEATs_fixed_valref,Mahalanobis_z
0.11581676750216076,33.206208425720625,134,832,eval_at,1.3295216965675354,OceanBEATs_fixed_valref,Mahalanobis_z
0.1132238547968885,32.128603104212864,131,805,eval_at,1.3527374029159545,OceanBEATs_fixed_valref,Mahalanobis_z
0.10890233362143474,31.92904656319291,126,800,eval_at,1.3780353194475172,OceanBEATs_fixed_valref,Mahalanobis_z
0.1063094209161625,31.410199556541023,123,787,eval_at,1.4042744398117066,OceanBEATs_fixed_valref,Mahalanobis_z
0.10198789974070872,30.93126385809313,118,775,eval_at,1.4293455189466477,OceanBEATs_fixed_valref,Mahalanobis_z
0.09853068280034573,30.252771618625278,114,758,eval_at,1.4535809898376464,OceanBEATs_fixed_valref,Mahalanobis_z
0.09766637856525497,29.454545454545457,113,738,eval_at,1.4769593715667726,OceanBEATs_fixed_valref,Mahalanobis_z
0.09248055315471046,28.85587583148559,107,723,eval_at,1.5012518811225888,OceanBEATs_fixed_valref,Mahalanobis_z
0.09161624891961971,28.297117516629715,106,709,eval_at,1.525056317448616,OceanBEATs_fixed_valref,Mahalanobis_z
0.08902333621434745,27.4589800443459,103,688,eval_at,1.5509033393859863,OceanBEATs_fixed_valref,Mahalanobis_z
0.08556611927398444,26.461197339246123,99,663,eval_at,1.578390119075775,OceanBEATs_fixed_valref,Mahalanobis_z
0.08297320656871218,25.383592017738362,96,636,eval_at,1.6042067015171053,OceanBEATs_fixed_valref,Mahalanobis_z
0.08297320656871218,24.34589800443459,96,610,eval_at,1.631614097952843,OceanBEATs_fixed_valref,Mahalanobis_z
0.07865168539325842,23.18847006651885,91,581,eval_at,1.6621581077575684,OceanBEATs_fixed_valref,Mahalanobis_z
0.07865168539325842,22.031042128603104,91,552,eval_at,1.6931304126977922,OceanBEATs_fixed_valref,Mahalanobis_z
0.07519446845289542,20.913525498891353,87,524,eval_at,1.7272041642665865,OceanBEATs_fixed_valref,Mahalanobis_z
0.07519446845289542,20.07538802660754,87,503,eval_at,1.7620548927783966,OceanBEATs_fixed_valref,Mahalanobis_z
0.07260155574762317,18.71840354767184,84,469,eval_at,1.7996455526351933,OceanBEATs_fixed_valref,Mahalanobis_z
0.07000864304235091,17.800443458980045,81,446,eval_at,1.842670220136643,OceanBEATs_fixed_valref,Mahalanobis_z
0.0682800345721694,16.802660753880268,79,421,eval_at,1.8855059301853179,OceanBEATs_fixed_valref,Mahalanobis_z
0.06309420916162489,15.725055432372507,73,394,eval_at,1.9347700142860416,OceanBEATs_fixed_valref,Mahalanobis_z
0.052722558340535866,14.4079822616408,61,361,eval_at,1.9866794610023497,OceanBEATs_fixed_valref,Mahalanobis_z
0.05012964563526361,13.450110864745012,58,337,eval_at,2.0375827300548557,OceanBEATs_fixed_valref,Mahalanobis_z
0.046672428694900604,12.412416851441243,54,311,eval_at,2.097735071182251,OceanBEATs_fixed_valref,Mahalanobis_z
0.04407951598962835,10.975609756097562,51,275,eval_at,2.172145000696182,OceanBEATs_fixed_valref,Mahalanobis_z
0.036300777873811585,9.85809312638581,42,247,eval_at,2.256752347946167,OceanBEATs_fixed_valref,Mahalanobis_z
0.032843560933448576,8.700665188470067,38,218,eval_at,2.3407958006858824,OceanBEATs_fixed_valref,Mahalanobis_z
0.027657735522904063,7.623059866962307,32,191,eval_at,2.43780859708786,OceanBEATs_fixed_valref,Mahalanobis_z
0.023336214347450302,6.3458980044345905,27,159,eval_at,2.5502031028270724,OceanBEATs_fixed_valref,Mahalanobis_z
0.018150388936905792,5.228381374722838,21,131,eval_at,2.695876388549803,OceanBEATs_fixed_valref,Mahalanobis_z
0.01296456352636128,3.9512195121951224,15,99,eval_at,2.869322576522827,OceanBEATs_fixed_valref,Mahalanobis_z
0.00950734658599827,2.674057649667406,11,67,eval_at,3.1364840459823635,OceanBEATs_fixed_valref,Mahalanobis_z
0.007778738115816767,1.0776053215077606,9,27,eval_at,3.5351839065551545,OceanBEATs_fixed_valref,Mahalanobis_z
0.2549697493517718,54.55875831485588,295,1367,eval_at,-0.008586946874856949,OceanBEATs_fixed_valref,CCED2_z
0.24891961970613655,54.35920177383593,288,1362,eval_at,0.009720155969262097,OceanBEATs_fixed_valref,CCED2_z
0.2480553154710458,54.00000000000001,287,1353,eval_at,0.02739743858575829,OceanBEATs_fixed_valref,CCED2_z
0.24719101123595505,53.600886917960096,286,1343,eval_at,0.045139894671738186,OceanBEATs_fixed_valref,CCED2_z
0.25064822817631804,53.32150776053216,290,1336,eval_at,0.061117835640907246,OceanBEATs_fixed_valref,CCED2_z
0.2497839239412273,53.16186252771619,289,1332,eval_at,0.07978326659649633,OceanBEATs_fixed_valref,CCED2_z
0.2497839239412273,53.40133037694014,289,1338,eval_at,0.10075152009725571,OceanBEATs_fixed_valref,CCED2_z
0.24632670700086431,53.52106430155211,285,1341,eval_at,0.11816424533724786,OceanBEATs_fixed_valref,CCED2_z
0.2428694900605013,53.44124168514413,281,1339,eval_at,0.13691237539052983,OceanBEATs_fixed_valref,CCED2_z
0.2428694900605013,53.16186252771619,281,1332,eval_at,0.15555471807718324,OceanBEATs_fixed_valref,CCED2_z
0.2411408815903198,53.08203991130821,279,1330,eval_at,0.1729859150946141,OceanBEATs_fixed_valref,CCED2_z
0.2428694900605013,53.00221729490023,281,1328,eval_at,0.18984275013208401,OceanBEATs_fixed_valref,CCED2_z
0.24200518582541056,52.76274944567628,280,1322,eval_at,0.20956910014152533,OceanBEATs_fixed_valref,CCED2_z
0.23681936041486604,52.76274944567628,274,1322,eval_at,0.22752613559365245,OceanBEATs_fixed_valref,CCED2_z
0.23595505617977527,52.40354767184036,273,1313,eval_at,0.24657072424888601,OceanBEATs_fixed_valref,CCED2_z
0.23249783923941228,52.32372505543238,269,1311,eval_at,0.2641064547002314,OceanBEATs_fixed_valref,CCED2_z
0.23163353500432152,52.64301552106431,268,1319,eval_at,0.28229336917400266,OceanBEATs_fixed_valref,CCED2_z
0.23336214347450301,52.64301552106431,270,1319,eval_at,0.3009526874125001,OceanBEATs_fixed_valref,CCED2_z
0.23336214347450301,52.243902439024396,270,1309,eval_at,0.31850131660699843,OceanBEATs_fixed_valref,CCED2_z
0.23163353500432152,51.645232815964526,268,1294,eval_at,0.33578571140766145,OceanBEATs_fixed_valref,CCED2_z
0.22731201382886776,51.325942350332596,263,1286,eval_at,0.35197976827621447,OceanBEATs_fixed_valref,CCED2_z
0.226447709593777,50.886917960088695,262,1275,eval_at,0.3712284827232361,OceanBEATs_fixed_valref,CCED2_z
0.22212618841832324,50.886917960088695,257,1275,eval_at,0.3915491196513174,OceanBEATs_fixed_valref,CCED2_z
0.22385479688850476,50.527716186252775,259,1266,eval_at,0.4108449290692801,OceanBEATs_fixed_valref,CCED2_z
0.226447709593777,50.567627494456765,262,1267,eval_at,0.4288661307096482,OceanBEATs_fixed_valref,CCED2_z
0.22558340535868626,50.088691796008874,261,1255,eval_at,0.4488469064235687,OceanBEATs_fixed_valref,CCED2_z
0.22731201382886776,49.9689578713969,263,1252,eval_at,0.46678703427314755,OceanBEATs_fixed_valref,CCED2_z
0.22817631806395852,50.128603104212864,264,1256,eval_at,0.48551600441336645,OceanBEATs_fixed_valref,CCED2_z
0.22904062229904926,50.168514412416854,265,1257,eval_at,0.5027477359771729,OceanBEATs_fixed_valref,CCED2_z
0.22385479688850476,49.769401330376944,259,1247,eval_at,0.5224201956391334,OceanBEATs_fixed_valref,CCED2_z
0.22385479688850476,49.41019955654102,259,1238,eval_at,0.5421829849481583,OceanBEATs_fixed_valref,CCED2_z
0.2212618841832325,48.6119733924612,256,1218,eval_at,0.5608256116509438,OceanBEATs_fixed_valref,CCED2_z
0.21607605877268798,48.01330376940133,250,1203,eval_at,0.5797899353504181,OceanBEATs_fixed_valref,CCED2_z
0.21348314606741572,47.97339246119734,247,1202,eval_at,0.5973791950941089,OceanBEATs_fixed_valref,CCED2_z
0.20916162489196197,47.57427937915743,242,1192,eval_at,0.6171736419200897,OceanBEATs_fixed_valref,CCED2_z
0.20743301642178047,47.17516629711752,240,1182,eval_at,0.6373708412051201,OceanBEATs_fixed_valref,CCED2_z
0.20397579948141745,46.8159645232816,236,1173,eval_at,0.6577072072029119,OceanBEATs_fixed_valref,CCED2_z
0.20138288677614521,46.29711751662972,233,1160,eval_at,0.6777746656537058,OceanBEATs_fixed_valref,CCED2_z
0.19533275713050993,46.09756097560976,226,1155,eval_at,0.6975407058000564,OceanBEATs_fixed_valref,CCED2_z
0.19360414866032843,45.73835920177384,224,1146,eval_at,0.7185922598838803,OceanBEATs_fixed_valref,CCED2_z
0.18496110630942092,45.37915742793792,214,1137,eval_at,0.7387538671493529,OceanBEATs_fixed_valref,CCED2_z
0.18409680207433016,45.17960088691796,213,1132,eval_at,0.7608678394556045,OceanBEATs_fixed_valref,CCED2_z
0.18236819360414866,45.13968957871397,211,1131,eval_at,0.7820163929462431,OceanBEATs_fixed_valref,CCED2_z
0.17718236819360414,44.46119733924613,205,1114,eval_at,0.8034252563118934,OceanBEATs_fixed_valref,CCED2_z
0.17372515125324114,44.06208425720621,201,1104,eval_at,0.8254562330245971,OceanBEATs_fixed_valref,CCED2_z
0.17026793431287812,43.742793791574286,197,1096,eval_at,0.8460529297590255,OceanBEATs_fixed_valref,CCED2_z
0.17286084701815038,42.824833702882486,200,1073,eval_at,0.867057839632034,OceanBEATs_fixed_valref,CCED2_z
0.1694036300777874,42.665188470066525,196,1069,eval_at,0.8873275515437126,OceanBEATs_fixed_valref,CCED2_z
0.1694036300777874,42.266075388026614,196,1059,eval_at,0.907177118062974,OceanBEATs_fixed_valref,CCED2_z
0.16853932584269662,42.026607538802665,195,1053,eval_at,0.9279584217071533,OceanBEATs_fixed_valref,CCED2_z
0.16508210890233363,41.627494456762754,191,1043,eval_at,0.9505565464496613,OceanBEATs_fixed_valref,CCED2_z
0.16248919619706137,40.82926829268293,188,1023,eval_at,0.9730525931715965,OceanBEATs_fixed_valref,CCED2_z
0.1616248919619706,40.390243902439025,187,1012,eval_at,0.9924352264404295,OceanBEATs_fixed_valref,CCED2_z
0.15643906655142611,39.631929046563194,181,993,eval_at,1.0147138464450838,OceanBEATs_fixed_valref,CCED2_z
0.15557476231633535,39.631929046563194,180,993,eval_at,1.0335497236251832,OceanBEATs_fixed_valref,CCED2_z
0.1495246326707001,38.83370288248337,173,973,eval_at,1.0555626660585402,OceanBEATs_fixed_valref,CCED2_z
0.14347450302506481,38.39467849223947,166,962,eval_at,1.0751686000823977,OceanBEATs_fixed_valref,CCED2_z
0.14174589455488332,37.7960088691796,164,947,eval_at,1.0978135430812839,OceanBEATs_fixed_valref,CCED2_z
0.14261019878997408,37.11751662971175,165,930,eval_at,1.1203340232372283,OceanBEATs_fixed_valref,CCED2_z
0.13915298184961106,36.55875831485588,161,916,eval_at,1.1435306727886203,OceanBEATs_fixed_valref,CCED2_z
0.13223854796888504,36.55875831485588,153,916,eval_at,1.1654541015625006,OceanBEATs_fixed_valref,CCED2_z
0.12791702679343128,36.0,148,902,eval_at,1.1878965318202972,OceanBEATs_fixed_valref,CCED2_z
0.12705272255834055,35.48115299334812,147,889,eval_at,1.2107164311408998,OceanBEATs_fixed_valref,CCED2_z
0.12618841832324978,35.16186252771619,146,881,eval_at,1.2324149936437603,OceanBEATs_fixed_valref,CCED2_z
0.12013828867761452,34.48337028824834,139,864,eval_at,1.2558748292922974,OceanBEATs_fixed_valref,CCED2_z
0.11408815903197926,34.40354767184036,132,862,eval_at,1.2790300995111463,OceanBEATs_fixed_valref,CCED2_z
0.11581676750216076,33.605321507760536,134,842,eval_at,1.3005474627017972,OceanBEATs_fixed_valref,CCED2_z
0.1097666378565255,33.246119733924616,127,833,eval_at,1.3261473649740223,OceanBEATs_fixed_valref,CCED2_z
0.1097666378565255,32.407982261640804,127,812,eval_at,1.347714710235595,OceanBEATs_fixed_valref,CCED2_z
0.1063094209161625,32.008869179600886,123,802,eval_at,1.3749258643388744,OceanBEATs_fixed_valref,CCED2_z
0.10544511668107173,31.170731707317074,122,781,eval_at,1.398387771844864,OceanBEATs_fixed_valref,CCED2_z
0.09939498703543648,30.93126385809313,115,775,eval_at,1.4250592201948165,OceanBEATs_fixed_valref,CCED2_z
0.09593777009507347,30.212860310421288,111,757,eval_at,1.4500080490112304,OceanBEATs_fixed_valref,CCED2_z
0.09507346585998272,29.414634146341466,110,737,eval_at,1.474623579978943,OceanBEATs_fixed_valref,CCED2_z
0.09420916162489196,28.8159645232816,109,722,eval_at,1.4978529095649715,OceanBEATs_fixed_valref,CCED2_z
0.09161624891961971,28.13747228381375,106,705,eval_at,1.5217872112989426,OceanBEATs_fixed_valref,CCED2_z
0.08902333621434745,27.339246119733925,103,685,eval_at,1.5473338317871097,OceanBEATs_fixed_valref,CCED2_z
0.08729472774416594,26.38137472283814,101,661,eval_at,1.578168326616287,OceanBEATs_fixed_valref,CCED2_z
0.08383751080380294,25.423503325942352,97,637,eval_at,1.6027157175540925,OceanBEATs_fixed_valref,CCED2_z
0.08297320656871218,24.66518847006652,96,618,eval_at,1.632440097332001,OceanBEATs_fixed_valref,CCED2_z
0.07865168539325842,23.787139689578716,91,596,eval_at,1.6607414126396178,OceanBEATs_fixed_valref,CCED2_z
0.07519446845289542,22.669623059866964,87,568,eval_at,1.6940641063451771,OceanBEATs_fixed_valref,CCED2_z
0.07260155574762317,21.192904656319293,84,531,eval_at,1.7271685922145856,OceanBEATs_fixed_valref,CCED2_z
0.07260155574762317,20.394678492239468,84,511,eval_at,1.7613861387968062,OceanBEATs_fixed_valref,CCED2_z
0.07000864304235091,19.3569844789357,81,485,eval_at,1.8021569061279297,OceanBEATs_fixed_valref,CCED2_z
0.0682800345721694,18.23946784922395,79,457,eval_at,1.8437753766775131,OceanBEATs_fixed_valref,CCED2_z
0.06309420916162489,16.962305986696233,73,425,eval_at,1.8878949427604674,OceanBEATs_fixed_valref,CCED2_z
0.05790838375108038,15.764966740576497,67,395,eval_at,1.9328677093982698,OceanBEATs_fixed_valref,CCED2_z
0.052722558340535866,14.607538802660756,61,366,eval_at,1.9831115412712097,OceanBEATs_fixed_valref,CCED2_z
0.046672428694900604,13.450110864745012,54,337,eval_at,2.0392497301101686,OceanBEATs_fixed_valref,CCED2_z
0.04840103716508211,12.252771618625278,56,307,eval_at,2.102546548843381,OceanBEATs_fixed_valref,CCED2_z
0.04062229904926534,11.21507760532151,47,281,eval_at,2.163848762512206,OceanBEATs_fixed_valref,CCED2_z
0.036300777873811585,9.818181818181818,42,246,eval_at,2.249312744140625,OceanBEATs_fixed_valref,CCED2_z
0.027657735522904063,8.700665188470067,32,218,eval_at,2.325567556619643,OceanBEATs_fixed_valref,CCED2_z
0.027657735522904063,7.8625277161862535,32,197,eval_at,2.4292186498641963,OceanBEATs_fixed_valref,CCED2_z
0.025064822817631807,6.585365853658537,29,165,eval_at,2.5356093525886547,OceanBEATs_fixed_valref,CCED2_z
0.01901469317199654,5.4279379157427945,22,136,eval_at,2.6745355892181393,OceanBEATs_fixed_valref,CCED2_z
0.013828867761452032,3.9512195121951224,16,99,eval_at,2.8351966011524197,OceanBEATs_fixed_valref,CCED2_z
0.00864304235090752,2.7937915742793793,10,70,eval_at,3.097573275566103,OceanBEATs_fixed_valref,CCED2_z
0.007778738115816767,1.1175166297117518,9,28,eval_at,3.515012593269334,OceanBEATs_fixed_valref,CCED2_z
0.34572169403630076,64.97560975609757,400,1628,eval_at,0.01922803744673729,Perch 2.0,kNN_z
0.3509075194468453,64.73614190687361,406,1622,eval_at,0.03670378683134902,Perch 2.0,kNN_z
0.34831460674157305,64.61640798226165,403,1619,eval_at,0.05436343804001821,Perch 2.0,kNN_z
0.34917891097666376,64.69623059866963,404,1621,eval_at,0.06916516788303854,Perch 2.0,kNN_z
0.3509075194468453,64.41685144124169,406,1614,eval_at,0.08471397757530212,Perch 2.0,kNN_z
0.3526361279170268,64.13747228381375,408,1607,eval_at,0.10378486849367666,Perch 2.0,kNN_z
0.35177182368193605,64.33702882483371,407,1612,eval_at,0.12287932537496096,Perch 2.0,kNN_z
0.35350043215211757,64.09756097560977,409,1606,eval_at,0.14033892437815668,Perch 2.0,kNN_z
0.35177182368193605,64.73614190687361,407,1622,eval_at,0.15980648666620256,Perch 2.0,kNN_z
0.34485738980121,64.73614190687361,399,1622,eval_at,0.17721600890159608,Perch 2.0,kNN_z
0.341400172860847,64.85587583148559,395,1625,eval_at,0.19558493793010717,Perch 2.0,kNN_z
0.3388072601555748,64.73614190687361,392,1622,eval_at,0.21350322976708422,Perch 2.0,kNN_z
0.33967156439066554,64.93569844789357,393,1627,eval_at,0.2320692414045334,Perch 2.0,kNN_z
0.33967156439066554,64.65631929046563,393,1620,eval_at,0.25260249227285364,Perch 2.0,kNN_z
0.33707865168539325,64.41685144124169,390,1614,eval_at,0.2712331050634377,Perch 2.0,kNN_z
0.3362143474503025,64.33702882483371,389,1612,eval_at,0.28762125968933094,Perch 2.0,kNN_z
0.3353500432152118,64.49667405764967,388,1616,eval_at,0.30472388327121724,Perch 2.0,kNN_z
0.33362143474503025,63.4589800443459,386,1590,eval_at,0.32394463732838613,Perch 2.0,kNN_z
0.33016421780466726,63.69844789356985,382,1596,eval_at,0.34326323717832563,Perch 2.0,kNN_z
0.32843560933448573,63.65853658536586,380,1595,eval_at,0.36327887356281274,Perch 2.0,kNN_z
0.33016421780466726,63.57871396895788,382,1593,eval_at,0.37996060848236074,Perch 2.0,kNN_z
0.32497839239412274,63.019955654102,376,1579,eval_at,0.4002956274151802,Perch 2.0,kNN_z
0.320656871218669,62.54101995565411,371,1567,eval_at,0.4172302809357643,Perch 2.0,kNN_z
0.317199654278306,62.18181818181819,367,1558,eval_at,0.4370553910732269,Perch 2.0,kNN_z
0.31374243733794294,61.82261640798227,363,1549,eval_at,0.45707464635372164,Perch 2.0,kNN_z
0.31028522039757994,61.104212860310426,359,1531,eval_at,0.47421982139348984,Perch 2.0,kNN_z
0.30855661192739847,60.385809312638585,357,1513,eval_at,0.49413780897855736,Perch 2.0,kNN_z
0.3076923076923077,59.8669623059867,356,1500,eval_at,0.5141366070508957,Perch 2.0,kNN_z
0.30855661192739847,59.747228381374725,357,1497,eval_at,0.5349041628837585,Perch 2.0,kNN_z
0.30682800345721695,59.028824833702885,355,1479,eval_at,0.55517452865839,Perch 2.0,kNN_z
0.3025064822817632,58.589800443458984,350,1468,eval_at,0.5759708613157275,Perch 2.0,kNN_z
0.3016421780466724,58.15077605321508,349,1457,eval_at,0.5957405620813371,Perch 2.0,kNN_z
0.3025064822817632,57.83148558758315,350,1449,eval_at,0.6143302011489868,Perch 2.0,kNN_z
0.29732065687121867,57.1529933481153,344,1432,eval_at,0.6341414231061951,Perch 2.0,kNN_z
0.2999135695764909,56.79379157427938,347,1423,eval_at,0.6561127543449403,Perch 2.0,kNN_z
0.29559204840103714,56.63414634146342,342,1419,eval_at,0.6772459045052529,Perch 2.0,kNN_z
0.2895419187554019,56.19512195121952,335,1408,eval_at,0.6985274362564092,Perch 2.0,kNN_z
0.28608470181503887,55.99556541019956,331,1403,eval_at,0.7181471097469334,Perch 2.0,kNN_z
0.28262748487467587,55.3569844789357,327,1387,eval_at,0.7359630209207534,Perch 2.0,kNN_z
0.2791702679343129,54.99778270509978,323,1378,eval_at,0.7587958440184589,Perch 2.0,kNN_z
0.2748487467588591,54.51884700665189,318,1366,eval_at,0.7815831303596497,Perch 2.0,kNN_z
0.27398444252376836,54.27937915742794,317,1360,eval_at,0.8039982295036315,Perch 2.0,kNN_z
0.26879861711322384,54.00000000000001,311,1353,eval_at,0.82616857111454,Perch 2.0,kNN_z
0.2662057044079516,53.48115299334812,308,1340,eval_at,0.8480551168322563,Perch 2.0,kNN_z
0.2644770959377701,52.882483370288256,306,1325,eval_at,0.8700499486923218,Perch 2.0,kNN_z
0.26534140017286084,51.964523281596456,307,1302,eval_at,0.8924830272793768,Perch 2.0,kNN_z
0.26188418323249785,51.645232815964526,303,1294,eval_at,0.917159348130226,Perch 2.0,kNN_z
0.25929127052722556,50.68736141906874,300,1270,eval_at,0.9398214837908745,Perch 2.0,kNN_z
0.25842696629213485,50.128603104212864,299,1256,eval_at,0.964615072011948,Perch 2.0,kNN_z
0.2566983578219533,49.64966740576497,297,1244,eval_at,0.9897355100512494,Perch 2.0,kNN_z
0.25237683664649957,49.09090909090909,292,1230,eval_at,1.016800194978714,Perch 2.0,kNN_z
0.2497839239412273,48.29268292682927,289,1210,eval_at,1.0421425211429596,Perch 2.0,kNN_z
0.24891961970613655,47.2549889135255,288,1184,eval_at,1.0673946237564085,Perch 2.0,kNN_z
0.2445980985306828,46.33702882483371,283,1161,eval_at,1.0937104523181915,Perch 2.0,kNN_z
0.24546240276577355,45.8980044345898,284,1150,eval_at,1.1228263425827034,Perch 2.0,kNN_z
0.23768366464995677,44.98004434589801,275,1127,eval_at,1.1471465706825257,Perch 2.0,kNN_z
0.23509075194468454,44.101995565410206,272,1105,eval_at,1.173117966651917,Perch 2.0,kNN_z
0.22904062229904926,43.18403547671841,265,1082,eval_at,1.2030973047018059,Perch 2.0,kNN_z
0.22558340535868626,42.186252771618626,261,1057,eval_at,1.2322686946392059,Perch 2.0,kNN_z
0.22385479688850476,40.988913525498894,259,1027,eval_at,1.2613772964477539,Perch 2.0,kNN_z
0.222990492653414,39.83148558758315,258,998,eval_at,1.2908871650695801,Perch 2.0,kNN_z
0.2212618841832325,39.27272727272727,256,984,eval_at,1.3221105796098709,Perch 2.0,kNN_z
0.219533275713051,38.43458980044346,254,963,eval_at,1.3542199921607974,Perch 2.0,kNN_z
0.21607605877268798,37.3569844789357,250,936,eval_at,1.3873859637975687,Perch 2.0,kNN_z
0.20916162489196197,36.31929046563193,242,910,eval_at,1.4238125348091126,Perch 2.0,kNN_z
0.20829732065687123,35.52106430155211,241,890,eval_at,1.4583164870738983,Perch 2.0,kNN_z
0.20224719101123595,34.56319290465632,234,866,eval_at,1.4902948188781733,Perch 2.0,kNN_z
0.1979256698357822,33.36585365853659,229,836,eval_at,1.5264635068178176,Perch 2.0,kNN_z
0.19360414866032843,32.288248337028826,224,809,eval_at,1.5586553955078124,Perch 2.0,kNN_z
0.19014693171996544,31.410199556541023,220,787,eval_at,1.5982454913854596,Perch 2.0,kNN_z
0.18668971477960242,30.532150776053218,216,765,eval_at,1.6432288944721223,Perch 2.0,kNN_z
0.18582541054451165,29.494456762749447,215,739,eval_at,1.6865151935815808,Perch 2.0,kNN_z
0.17545375972342264,28.45676274944568,203,713,eval_at,1.7366103434562683,Perch 2.0,kNN_z
0.1676750216076059,27.259423503325944,194,683,eval_at,1.7850782990455631,Perch 2.0,kNN_z
0.16248919619706137,26.141906873614193,188,655,eval_at,1.8383793127536767,Perch 2.0,kNN_z
0.1529818496110631,25.144124168514413,177,630,eval_at,1.8954757302999496,Perch 2.0,kNN_z
0.14866032843560933,23.866962305986696,172,598,eval_at,1.9564377927780172,Perch 2.0,kNN_z
0.14088159031979255,22.749445676274945,163,570,eval_at,2.0198856341838836,Perch 2.0,kNN_z
0.13396715643906656,21.671840354767184,155,543,eval_at,2.089221203327179,Perch 2.0,kNN_z
0.13050993949870354,20.674057649667407,151,518,eval_at,2.162765914201738,Perch 2.0,kNN_z
0.12359550561797752,19.237250554323726,143,482,eval_at,2.244804620742798,Perch 2.0,kNN_z
0.11754537597234227,17.88026607538803,136,448,eval_at,2.323271061182022,Perch 2.0,kNN_z
0.1132238547968885,16.802660753880268,131,421,eval_at,2.412885713577272,Perch 2.0,kNN_z
0.1063094209161625,15.286031042128604,123,383,eval_at,2.5030052912235257,Perch 2.0,kNN_z
0.09853068280034573,14.008869179600888,114,351,eval_at,2.613752889633179,Perch 2.0,kNN_z
0.0898876404494382,12.372505543237251,104,310,eval_at,2.761591148376471,Perch 2.0,kNN_z
0.08210890233362143,11.015521064301552,95,276,eval_at,2.919069876670837,Perch 2.0,kNN_z
0.07605877268798616,9.578713968957873,88,240,eval_at,3.1085978257656106,Perch 2.0,kNN_z
0.06741573033707865,9.059866962305987,78,227,eval_at,3.338450818061826,Perch 2.0,kNN_z
0.056179775280898875,8.181818181818182,65,205,eval_at,3.602036341428757,Perch 2.0,kNN_z
0.043215211754537596,7.1042128603104215,50,178,eval_at,3.88492019176483,Perch 2.0,kNN_z
0.04062229904926534,5.906873614190688,47,148,eval_at,4.260482079982757,Perch 2.0,kNN_z
0.036300777873811585,4.9490022172949,42,124,eval_at,4.7904412078857534,Perch 2.0,kNN_z
0.03025064822817632,4.031042128603104,35,101,eval_at,5.450010776519772,Perch 2.0,kNN_z
0.024200518582541054,3.192904656319291,28,80,eval_at,6.3791354322433405,Perch 2.0,kNN_z
0.018150388936905792,2.354767184035477,21,59,eval_at,7.704538679122965,Perch 2.0,kNN_z
0.01296456352636128,1.796008869179601,15,45,eval_at,10.218409538269041,Perch 2.0,kNN_z
0.006914433880726016,1.1574279379157428,8,29,eval_at,13.29166197776791,Perch 2.0,kNN_z
0.001728608470181504,0.9179600886917961,2,23,eval_at,17.147499370575012,Perch 2.0,kNN_z
0.000864304235090752,0.3592017738359202,1,9,eval_at,23.869268627166615,Perch 2.0,kNN_z
0.33016421780466726,67.45011086474501,382,1690,eval_at,0.02209695242345333,Perch 2.0,Mahalanobis_z
0.32843560933448573,67.33037694013305,380,1687,eval_at,0.03982354972511528,Perch 2.0,Mahalanobis_z
0.33016421780466726,67.33037694013305,382,1687,eval_at,0.05954203680157664,Perch 2.0,Mahalanobis_z
0.32843560933448573,67.64966740576497,380,1695,eval_at,0.07605927675962451,Perch 2.0,Mahalanobis_z
0.32757130509939497,67.64966740576497,379,1695,eval_at,0.0936061716079711,Perch 2.0,Mahalanobis_z
0.3267070008643042,67.60975609756098,378,1694,eval_at,0.1113516891375184,Perch 2.0,Mahalanobis_z
0.3232497839239412,67.64966740576497,374,1695,eval_at,0.12905188664793968,Perch 2.0,Mahalanobis_z
0.32152117545375974,67.17073170731707,372,1683,eval_at,0.14798396393656732,Perch 2.0,Mahalanobis_z
0.3180639585133967,67.49002217294901,368,1691,eval_at,0.16553691625595096,Perch 2.0,Mahalanobis_z
0.320656871218669,67.37028824833703,371,1688,eval_at,0.18366412557661538,Perch 2.0,Mahalanobis_z
0.320656871218669,67.0909090909091,371,1681,eval_at,0.20273049324750902,Perch 2.0,Mahalanobis_z
0.320656871218669,67.01108647450111,371,1679,eval_at,0.21995137341320517,Perch 2.0,Mahalanobis_z
0.31892826274848746,66.97117516629713,369,1678,eval_at,0.23805076360702518,Perch 2.0,Mahalanobis_z
0.31892826274848746,66.29268292682927,369,1661,eval_at,0.2565533652901649,Perch 2.0,Mahalanobis_z
0.31547104580812446,66.13303769401331,365,1657,eval_at,0.2774132281541824,Perch 2.0,Mahalanobis_z
0.31547104580812446,65.49445676274945,365,1641,eval_at,0.295224291831255,Perch 2.0,Mahalanobis_z
0.3163353500432152,65.13525498891353,366,1632,eval_at,0.31433777034282684,Perch 2.0,Mahalanobis_z
0.320656871218669,64.33702882483371,371,1612,eval_at,0.3347303789854046,Perch 2.0,Mahalanobis_z
0.31374243733794294,64.01773835920177,363,1604,eval_at,0.3546576148271561,Perch 2.0,Mahalanobis_z
0.31547104580812446,63.77827050997783,365,1598,eval_at,0.3734519100189206,Perch 2.0,Mahalanobis_z
0.31374243733794294,63.41906873614191,363,1589,eval_at,0.39219827651977535,Perch 2.0,Mahalanobis_z
0.31201382886776147,62.82039911308205,361,1574,eval_at,0.4112467749416828,Perch 2.0,Mahalanobis_z
0.3146067415730337,62.381374722838146,364,1563,eval_at,0.4301584511995315,Perch 2.0,Mahalanobis_z
0.31547104580812446,61.82261640798227,365,1549,eval_at,0.4502533306181428,Perch 2.0,Mahalanobis_z
0.31287813310285223,61.383592017738366,362,1538,eval_at,0.47016853690147403,Perch 2.0,Mahalanobis_z
0.3094209161624892,60.705099778270515,358,1521,eval_at,0.4900863766670227,Perch 2.0,Mahalanobis_z
0.30682800345721695,60.226164079822624,355,1509,eval_at,0.5091561365127563,Perch 2.0,Mahalanobis_z
0.3050993949870354,59.82705099778271,353,1499,eval_at,0.5280541527271272,Perch 2.0,Mahalanobis_z
0.30423509075194466,59.268292682926834,352,1485,eval_at,0.5469171190261841,Perch 2.0,Mahalanobis_z
0.30337078651685395,58.47006651884701,351,1465,eval_at,0.5688760221004486,Perch 2.0,Mahalanobis_z
0.3016421780466724,58.11086474501109,349,1456,eval_at,0.5935685098171235,Perch 2.0,Mahalanobis_z
0.29818496110630943,57.79157427937916,345,1448,eval_at,0.6165302348136903,Perch 2.0,Mahalanobis_z
0.2938634399308557,57.23281596452328,340,1434,eval_at,0.6367178249359131,Perch 2.0,Mahalanobis_z
0.29818496110630943,56.35476718403548,345,1412,eval_at,0.6567489561438562,Perch 2.0,Mahalanobis_z
0.29559204840103714,56.31485587583149,342,1411,eval_at,0.6812767428159714,Perch 2.0,Mahalanobis_z
0.29559204840103714,55.8359201773836,342,1399,eval_at,0.7038734927773479,Perch 2.0,Mahalanobis_z
0.2929991356957649,55.31707317073171,339,1386,eval_at,0.7263665485382083,Perch 2.0,Mahalanobis_z
0.29213483146067415,54.9179600886918,338,1376,eval_at,0.7504880651831627,Perch 2.0,Mahalanobis_z
0.2895419187554019,54.59866962305987,335,1368,eval_at,0.7717323219776151,Perch 2.0,Mahalanobis_z
0.28867761452031115,54.27937915742794,334,1360,eval_at,0.7986399513483046,Perch 2.0,Mahalanobis_z
0.28694900605012963,53.68070953436808,332,1345,eval_at,0.8245276153087616,Perch 2.0,Mahalanobis_z
0.28694900605012963,53.48115299334812,332,1340,eval_at,0.8492991364002227,Perch 2.0,Mahalanobis_z
0.28522039757994816,52.882483370288256,330,1325,eval_at,0.8739915001392362,Perch 2.0,Mahalanobis_z
0.28003457216940364,52.00443458980045,324,1303,eval_at,0.8979174426198006,Perch 2.0,Mahalanobis_z
0.27657735522904064,51.485587583148565,320,1290,eval_at,0.9247286200523375,Perch 2.0,Mahalanobis_z
0.2731201382886776,51.086474501108654,316,1280,eval_at,0.9490574404597281,Perch 2.0,Mahalanobis_z
0.2713915298184961,50.248337028824835,314,1259,eval_at,0.975811749100685,Perch 2.0,Mahalanobis_z
0.27052722558340536,49.490022172949004,313,1240,eval_at,1.0033758836984634,Perch 2.0,Mahalanobis_z
0.2662057044079516,49.0509977827051,308,1229,eval_at,1.0304751420021059,Perch 2.0,Mahalanobis_z
0.26188418323249785,48.09312638580931,303,1205,eval_at,1.0568453460931777,Perch 2.0,Mahalanobis_z
0.2601555747623163,47.13525498891353,301,1181,eval_at,1.0862916707992554,Perch 2.0,Mahalanobis_z
0.2575626620570441,46.29711751662972,298,1160,eval_at,1.1121751767396932,Perch 2.0,Mahalanobis_z
0.2541054451166811,45.019955654102,294,1128,eval_at,1.1457635688781738,Perch 2.0,Mahalanobis_z
0.24719101123595505,44.34146341463415,286,1111,eval_at,1.1799641585350038,Perch 2.0,Mahalanobis_z
0.2428694900605013,43.742793791574286,281,1096,eval_at,1.2122404241561895,Perch 2.0,Mahalanobis_z
0.23336214347450301,42.745011086474506,270,1071,eval_at,1.2429319113492965,Perch 2.0,Mahalanobis_z
0.226447709593777,42.146341463414636,262,1056,eval_at,1.2724865102767944,Perch 2.0,Mahalanobis_z
0.22212618841832324,41.308203991130824,257,1035,eval_at,1.3062055319547665,Perch 2.0,Mahalanobis_z
0.22039757994814174,40.629711751662974,255,1018,eval_at,1.3439827120304106,Perch 2.0,Mahalanobis_z
0.212618841832325,39.91130820399113,246,1000,eval_at,1.3808543926477435,Perch 2.0,Mahalanobis_z
0.20570440795159897,38.91352549889135,238,975,eval_at,1.417829942703249,Perch 2.0,Mahalanobis_z
0.1996542783059637,38.15521064301552,231,956,eval_at,1.4598900717496872,Perch 2.0,Mahalanobis_z
0.19273984442523767,37.3569844789357,223,936,eval_at,1.4999747002124786,Perch 2.0,Mahalanobis_z
0.18755401901469318,36.11973392461198,217,905,eval_at,1.5410583215951918,Perch 2.0,Mahalanobis_z
0.1797752808988764,35.08203991130821,208,879,eval_at,1.5843277502059936,Perch 2.0,Mahalanobis_z
0.17286084701815038,34.04434589800444,200,853,eval_at,1.629963189363477,Perch 2.0,Mahalanobis_z
0.16853932584269662,33.08647450110865,195,829,eval_at,1.682170276641845,Perch 2.0,Mahalanobis_z
0.16248919619706137,32.128603104212864,188,805,eval_at,1.730809800028801,Perch 2.0,Mahalanobis_z
0.1598962834917891,31.210643015521068,185,782,eval_at,1.7783898162841791,Perch 2.0,Mahalanobis_z
0.15730337078651685,30.212860310421288,182,757,eval_at,1.8317637127637856,Perch 2.0,Mahalanobis_z
0.1512532411408816,28.736141906873616,175,720,eval_at,1.8775479257106784,Perch 2.0,Mahalanobis_z
0.14779602420051857,27.618625277161865,171,692,eval_at,1.940312200188636,Perch 2.0,Mahalanobis_z
0.14693171996542784,26.900221729490024,170,674,eval_at,2.005365447998047,Perch 2.0,Mahalanobis_z
0.14088159031979255,25.702882483370292,163,644,eval_at,2.0761050593853,Perch 2.0,Mahalanobis_z
0.1365600691443388,24.864745011086477,158,623,eval_at,2.1425848317146303,Perch 2.0,Mahalanobis_z
0.13050993949870354,23.62749445676275,151,592,eval_at,2.219351887702942,Perch 2.0,Mahalanobis_z
0.12273120138288678,22.669623059866964,142,568,eval_at,2.2957104873657235,Perch 2.0,Mahalanobis_z
0.11754537597234227,21.671840354767184,136,543,eval_at,2.39490181326866,Perch 2.0,Mahalanobis_z
0.11235955056179775,20.394678492239468,130,511,eval_at,2.490304098129273,Perch 2.0,Mahalanobis_z
0.10717372515125324,19.277161862527716,124,483,eval_at,2.5982922911644004,Perch 2.0,Mahalanobis_z
0.09939498703543648,17.401330376940134,115,436,eval_at,2.711599016189574,Perch 2.0,Mahalanobis_z
0.09248055315471046,16.243902439024392,107,407,eval_at,2.844463891983032,Perch 2.0,Mahalanobis_z
0.08729472774416594,15.325942350332596,101,384,eval_at,2.971306679248813,Perch 2.0,Mahalanobis_z
0.08556611927398444,14.08869179600887,99,353,eval_at,3.122643685340881,Perch 2.0,Mahalanobis_z
0.08124459809853068,12.691796008869181,94,318,eval_at,3.2838022041320807,Perch 2.0,Mahalanobis_z
0.07692307692307693,11.534368070953438,89,289,eval_at,3.489691573381424,Perch 2.0,Mahalanobis_z
0.0682800345721694,10.576496674057651,79,265,eval_at,3.750942151546478,Perch 2.0,Mahalanobis_z
0.06309420916162489,9.53880266075388,73,239,eval_at,3.980320152044297,Perch 2.0,Mahalanobis_z
0.059636992221261884,8.580931263858094,69,215,eval_at,4.336554164886472,Perch 2.0,Mahalanobis_z
0.05358686257562662,7.623059866962307,62,191,eval_at,4.781342539787293,Perch 2.0,Mahalanobis_z
0.05012964563526361,6.385809312638582,58,160,eval_at,5.311858701705932,Perch 2.0,Mahalanobis_z
0.04235090751944685,5.4279379157427945,49,136,eval_at,5.909870102405548,Perch 2.0,Mahalanobis_z
0.037165082108902334,4.5099778270509985,43,113,eval_at,6.68274753570557,Perch 2.0,Mahalanobis_z
0.03025064822817632,3.3924611973392462,35,85,eval_at,7.7392085719107735,Perch 2.0,Mahalanobis_z
0.024200518582541054,2.7139689578713972,28,68,eval_at,9.232874097824077,Perch 2.0,Mahalanobis_z
0.015557476231633534,2.155210643015521,18,54,eval_at,12.130772304534917,Perch 2.0,Mahalanobis_z
0.010371650821089023,2.035476718403548,12,51,eval_at,14.849669513702386,Perch 2.0,Mahalanobis_z
0.007778738115816767,1.2771618625277164,9,32,eval_at,18.244232435226436,Perch 2.0,Mahalanobis_z
0.0025929127052722557,0.7982261640798227,3,20,eval_at,26.120084743499774,Perch 2.0,Mahalanobis_z
0.000864304235090752,0.5188470066518848,1,13,eval_at,41.743897037506045,Perch 2.0,Mahalanobis_z
0.32843560933448573,67.01108647450111,380,1679,eval_at,0.0208765659481287,Perch 2.0,CCED2_z
0.33016421780466726,67.25055432372505,382,1685,eval_at,0.038744750693440334,Perch 2.0,CCED2_z
0.33189282627484873,67.21064301552107,384,1684,eval_at,0.05761108323931712,Perch 2.0,CCED2_z
0.33016421780466726,67.41019955654103,382,1689,eval_at,0.07667575955390948,Perch 2.0,CCED2_z
0.32757130509939497,67.37028824833703,379,1688,eval_at,0.09499675989151,Perch 2.0,CCED2_z
0.324114088159032,67.56984478935699,375,1693,eval_at,0.11346807386726158,Perch 2.0,CCED2_z
0.32238547968885045,67.49002217294901,373,1691,eval_at,0.13129672974348075,Perch 2.0,CCED2_z
0.3197925669835782,67.33037694013305,370,1687,eval_at,0.1484597933292389,Perch 2.0,CCED2_z
0.3232497839239412,66.93126385809313,374,1677,eval_at,0.16538469552993842,Perch 2.0,CCED2_z
0.3232497839239412,66.73170731707317,374,1672,eval_at,0.18331098139286042,Perch 2.0,CCED2_z
0.32152117545375974,66.01330376940133,372,1654,eval_at,0.20322808921337135,Perch 2.0,CCED2_z
0.32152117545375974,65.69401330376941,372,1646,eval_at,0.22203501634299772,Perch 2.0,CCED2_z
0.320656871218669,65.41463414634147,371,1639,eval_at,0.24140713691711443,Perch 2.0,CCED2_z
0.32152117545375974,64.77605321507761,372,1623,eval_at,0.26041711494326586,Perch 2.0,CCED2_z
0.3197925669835782,64.53658536585367,370,1617,eval_at,0.2777109372615811,Perch 2.0,CCED2_z
0.31374243733794294,64.33702882483371,363,1612,eval_at,0.29873567223548886,Perch 2.0,CCED2_z
0.3111495246326707,64.49667405764967,360,1616,eval_at,0.3159276884794233,Perch 2.0,CCED2_z
0.30855661192739847,64.57649667405765,357,1618,eval_at,0.3343737497925757,Perch 2.0,CCED2_z
0.30682800345721695,64.33702882483371,355,1612,eval_at,0.35264659017324446,Perch 2.0,CCED2_z
0.30682800345721695,64.01773835920177,355,1604,eval_at,0.3718572404980659,Perch 2.0,CCED2_z
0.3050993949870354,63.09977827050998,353,1581,eval_at,0.39095842242240886,Perch 2.0,CCED2_z
0.3025064822817632,62.421286031042136,350,1564,eval_at,0.40823986917734145,Perch 2.0,CCED2_z
0.2990492653414002,62.1419068736142,346,1557,eval_at,0.4283976817131042,Perch 2.0,CCED2_z
0.2964563526361279,61.82261640798227,343,1549,eval_at,0.4511383280158041,Perch 2.0,CCED2_z
0.2938634399308557,60.345898004434595,340,1512,eval_at,0.47141331315040597,Perch 2.0,CCED2_z
0.29559204840103714,59.82705099778271,342,1499,eval_at,0.49097342416644096,Perch 2.0,CCED2_z
0.29732065687121867,59.46784922394679,344,1490,eval_at,0.5116690570116043,Perch 2.0,CCED2_z
0.2964563526361279,59.18847006651885,343,1483,eval_at,0.5332075721025468,Perch 2.0,CCED2_z
0.2964563526361279,59.268292682926834,343,1485,eval_at,0.5559275674819947,Perch 2.0,CCED2_z
0.29472774416594644,58.11086474501109,341,1456,eval_at,0.57550686866045,Perch 2.0,CCED2_z
0.29472774416594644,57.47228381374723,341,1440,eval_at,0.5944097697734834,Perch 2.0,CCED2_z
0.2929991356957649,57.39246119733925,339,1438,eval_at,0.6151542526483537,Perch 2.0,CCED2_z
0.29213483146067415,57.27272727272728,338,1435,eval_at,0.6398334121704101,Perch 2.0,CCED2_z
0.2929991356957649,56.95343680709535,339,1427,eval_at,0.6628223180770877,Perch 2.0,CCED2_z
0.29213483146067415,56.95343680709535,338,1427,eval_at,0.6847587907314306,Perch 2.0,CCED2_z
0.2929991356957649,56.51441241685144,339,1416,eval_at,0.7065689727663995,Perch 2.0,CCED2_z
0.2895419187554019,56.11529933481153,335,1406,eval_at,0.7296823215484621,Perch 2.0,CCED2_z
0.28694900605012963,55.31707317073171,332,1386,eval_at,0.7526167783141141,Perch 2.0,CCED2_z
0.28522039757994816,55.15742793791575,330,1382,eval_at,0.774696364402771,Perch 2.0,CCED2_z
0.28349178910976663,54.35920177383593,328,1362,eval_at,0.8006931576132768,Perch 2.0,CCED2_z
0.28349178910976663,53.76053215077606,328,1347,eval_at,0.8243290245532989,Perch 2.0,CCED2_z
0.28262748487467587,53.1219512195122,327,1331,eval_at,0.8449576377868651,Perch 2.0,CCED2_z
0.28349178910976663,52.44345898004435,328,1314,eval_at,0.8684623575210569,Perch 2.0,CCED2_z
0.28262748487467587,52.164079822616415,327,1307,eval_at,0.8940566363930702,Perch 2.0,CCED2_z
0.2817631806395851,51.525498891352555,326,1291,eval_at,0.9181615686416625,Perch 2.0,CCED2_z
0.2808988764044944,50.807095343680714,325,1273,eval_at,0.9406329154968261,Perch 2.0,CCED2_z
0.2757130509939499,50.128603104212864,319,1256,eval_at,0.9690596246719357,Perch 2.0,CCED2_z
0.27398444252376836,49.569844789356985,317,1242,eval_at,0.9964048904180527,Perch 2.0,CCED2_z
0.26793431287813313,48.85144124168515,310,1224,eval_at,1.0207239985466006,Perch 2.0,CCED2_z
0.2644770959377701,48.09312638580931,306,1205,eval_at,1.04488733112812,Perch 2.0,CCED2_z
0.26188418323249785,47.53436807095344,303,1191,eval_at,1.0719565451145172,Perch 2.0,CCED2_z
0.25583405358686256,46.97560975609756,296,1177,eval_at,1.0996049422025682,Perch 2.0,CCED2_z
0.25064822817631804,45.9379157427938,290,1151,eval_at,1.1310334300994873,Perch 2.0,CCED2_z
0.24719101123595505,45.13968957871397,286,1131,eval_at,1.1616150796413423,Perch 2.0,CCED2_z
0.2445980985306828,44.30155210643016,283,1110,eval_at,1.1906177651882175,Perch 2.0,CCED2_z
0.2394122731201383,43.30376940133038,277,1085,eval_at,1.220469871163368,Perch 2.0,CCED2_z
0.23422644770959378,42.745011086474506,271,1071,eval_at,1.2553796768188477,Perch 2.0,CCED2_z
0.22990492653414002,41.986696230598675,266,1052,eval_at,1.28921854376793,Perch 2.0,CCED2_z
0.2247191011235955,41.308203991130824,260,1035,eval_at,1.3189500570297241,Perch 2.0,CCED2_z
0.21866897147796024,40.629711751662974,253,1018,eval_at,1.354129006266594,Perch 2.0,CCED2_z
0.2143474503025065,39.79157427937916,248,997,eval_at,1.3871326446533212,Perch 2.0,CCED2_z
0.20916162489196197,38.67405764966741,242,969,eval_at,1.420909129977226,Perch 2.0,CCED2_z
0.2048401037165082,37.67627494456763,237,944,eval_at,1.4580653631687166,Perch 2.0,CCED2_z
0.1996542783059637,36.75831485587583,231,921,eval_at,1.4953738659620284,Perch 2.0,CCED2_z
0.18668971477960242,35.64079822616408,216,893,eval_at,1.536540975570679,Perch 2.0,CCED2_z
0.18409680207433016,34.52328159645233,213,865,eval_at,1.5784648388624172,Perch 2.0,CCED2_z
0.17545375972342264,33.80487804878049,203,847,eval_at,1.6222872531414032,Perch 2.0,CCED2_z
0.17199654278305965,32.527716186252775,199,815,eval_at,1.6693965733051301,Perch 2.0,CCED2_z
0.1676750216076059,31.529933481152995,194,790,eval_at,1.7151319646835317,Perch 2.0,CCED2_z
0.16248919619706137,30.412416851441243,188,762,eval_at,1.7636803501844402,Perch 2.0,CCED2_z
0.15903197925669835,29.2549889135255,184,733,eval_at,1.8146561145782472,Perch 2.0,CCED2_z
0.1529818496110631,27.898004434589804,177,699,eval_at,1.869568216204642,Perch 2.0,CCED2_z
0.14606741573033707,27.05986696230599,169,678,eval_at,1.9314081692695617,Perch 2.0,CCED2_z
0.14088159031979255,25.902439024390247,163,649,eval_at,2.0022656321525574,Perch 2.0,CCED2_z
0.13742437337942956,24.62527716186253,159,617,eval_at,2.0715411758422846,Perch 2.0,CCED2_z
0.1313742437337943,23.787139689578716,152,596,eval_at,2.145380675792694,Perch 2.0,CCED2_z
0.12791702679343128,23.068736141906875,148,578,eval_at,2.210714550018312,Perch 2.0,CCED2_z
0.11927398444252377,22.031042128603104,138,552,eval_at,2.283689969778058,Perch 2.0,CCED2_z
0.11495246326707001,20.674057649667407,133,518,eval_at,2.379721479415894,Perch 2.0,CCED2_z
0.10803802938634399,19.237250554323726,125,482,eval_at,2.4798666143417365,Perch 2.0,CCED2_z
0.10285220397579949,18.518847006651885,119,464,eval_at,2.575740885734557,Perch 2.0,CCED2_z
0.09593777009507347,17.401330376940134,111,436,eval_at,2.6925746881961827,Perch 2.0,CCED2_z
0.0898876404494382,16.044345898004437,104,402,eval_at,2.8248726177215593,Perch 2.0,CCED2_z
0.08729472774416594,14.487804878048781,101,363,eval_at,2.959192910194397,Perch 2.0,CCED2_z
0.08383751080380294,12.851441241685146,97,322,eval_at,3.1059256744384776,Perch 2.0,CCED2_z
0.07605877268798616,11.65410199556541,88,292,eval_at,3.2822985351085707,Perch 2.0,CCED2_z
0.07260155574762317,10.416851441241686,84,261,eval_at,3.4886963462829588,Perch 2.0,CCED2_z
0.07087294727744166,9.339246119733925,82,234,eval_at,3.716131268739703,Perch 2.0,CCED2_z
0.06309420916162489,8.82039911308204,73,221,eval_at,4.041661911010738,Perch 2.0,CCED2_z
0.055315471045808126,7.543237250554324,64,189,eval_at,4.42125803232193,Perch 2.0,CCED2_z
0.045808124459809856,6.465631929046563,53,162,eval_at,4.908233118057245,Perch 2.0,CCED2_z
0.04235090751944685,5.62749445676275,49,141,eval_at,5.512560698986053,Perch 2.0,CCED2_z
0.04062229904926534,4.669623059866963,47,117,eval_at,6.210786800384526,Perch 2.0,CCED2_z
0.03025064822817632,3.5521064301552108,35,89,eval_at,7.170157589912398,Perch 2.0,CCED2_z
0.025064822817631807,2.9135254988913526,29,73,eval_at,8.670160980224608,Perch 2.0,CCED2_z
0.016421780466724288,2.1152993348115303,19,53,eval_at,10.882231831550618,Perch 2.0,CCED2_z
0.01296456352636128,1.9556541019955656,15,49,eval_at,14.08688470840454,Perch 2.0,CCED2_z
0.007778738115816767,1.3968957871396896,9,35,eval_at,16.53977676391601,Perch 2.0,CCED2_z
0.001728608470181504,0.7982261640798227,2,20,eval_at,24.258358707428087,Perch 2.0,CCED2_z
0.000864304235090752,0.47893569844789363,1,12,eval_at,35.3790831947326,Perch 2.0,CCED2_z
