pctl_q,theta_q,pctl_p,theta_p,Recall,FP_h,TP,FP,Pred
98,2.663555364608762,50.0,0.09077733382582664,0.49006050129645634,53.04212860310422,567,1329,1896
98,2.663555364608762,50.5,0.11212093323469155,0.4891961970613656,53.04212860310422,566,1329,1895
98,2.663555364608762,51.0,0.13464516386389755,0.49006050129645634,53.16186252771619,567,1332,1899
98,2.663555364608762,51.5,0.15403672441840174,0.4909248055315471,52.96230598669624,568,1327,1895
98,2.663555364608762,52.0,0.17796872973442074,0.49265341400172863,53.04212860310422,570,1329,1899
98,2.663555364608762,52.5,0.19627721086144476,0.4969749351771824,52.922394678492246,575,1326,1901
98,2.663555364608762,53.0,0.22048529401421563,0.5021607605877269,52.6829268292683,581,1320,1901
98,2.663555364608762,53.5,0.24122495941817762,0.5047536732929991,52.882483370288256,584,1325,1909
98,2.663555364608762,54.0,0.2610533964633942,0.5047536732929991,53.08203991130821,584,1330,1914
98,2.663555364608762,54.5,0.28204435005784095,0.5082108902333622,52.84257206208426,588,1324,1912
98,2.663555364608762,55.0,0.30234529823064815,0.5099394987035436,52.76274944567628,590,1322,1912
98,2.663555364608762,55.5,0.32569405794143685,0.5116681071737251,52.80266075388027,592,1323,1915
98,2.663555364608762,56.0,0.3478954076766968,0.5125324114088159,52.6829268292683,593,1320,1913
98,2.663555364608762,56.5,0.3691490027308463,0.5151253241140882,52.44345898004435,596,1314,1910
98,2.663555364608762,57.0,0.3913524010777473,0.5177182368193605,52.40354767184036,599,1313,1912
98,2.663555364608762,57.5,0.41571238785982123,0.5168539325842697,52.44345898004435,598,1314,1912
98,2.663555364608762,58.0,0.4399468266963957,0.5185825410544511,52.44345898004435,600,1314,1914
98,2.663555364608762,58.5,0.46726177960634213,0.5203111495246326,52.32372505543238,602,1311,1913
98,2.663555364608762,59.0,0.49008097410202023,0.5203111495246326,51.7649667405765,602,1297,1899
98,2.663555364608762,59.5,0.5134383669495581,0.5246326707000865,51.286031042128606,607,1285,1892
98,2.663555364608762,60.0,0.536166477203369,0.5254969749351772,51.206208425720625,608,1283,1891
98,2.663555364608762,60.5,0.5595470631122589,0.526361279170268,51.445676274944574,609,1289,1898
98,2.663555364608762,61.0,0.5817095768451691,0.5280898876404494,51.68514412416852,611,1295,1906
98,2.663555364608762,61.5,0.6042246025800704,0.5280898876404494,51.246119733924616,611,1284,1895
98,2.663555364608762,62.0,0.6289117872714997,0.5280898876404494,51.046563192904664,611,1279,1890
98,2.663555364608762,62.5,0.6533820331096649,0.5280898876404494,50.527716186252775,611,1266,1877
98,2.663555364608762,63.0,0.6831670719385142,0.526361279170268,50.407982261640804,609,1263,1872
98,2.663555364608762,63.5,0.7098419928550724,0.5280898876404494,50.088691796008874,611,1255,1866
98,2.663555364608762,64.0,0.7381514167785644,0.5280898876404494,49.929046563192905,611,1251,1862
98,2.663555364608762,64.5,0.764243181347847,0.5272255834053586,49.29046563192905,610,1235,1845
98,2.663555364608762,65.0,0.7910401135683061,0.5289541918755402,48.97117516629712,612,1227,1839
98,2.663555364608762,65.5,0.8190016227960588,0.5289541918755402,48.57206208425721,612,1217,1829
98,2.663555364608762,66.0,0.8498276674747467,0.5289541918755402,48.05321507760532,612,1204,1816
98,2.663555364608762,66.5,0.878896164894104,0.5315471045808124,47.45454545454546,615,1189,1804
98,2.663555364608762,67.0,0.9106361728906633,0.5280898876404494,47.13525498891353,611,1181,1792
98,2.663555364608762,67.5,0.9385085552930833,0.5289541918755402,46.85587583148559,612,1174,1786
98,2.663555364608762,68.0,0.9666943550109866,0.5358686257562663,46.25720620842572,620,1159,1779
98,2.663555364608762,68.5,0.9929769545793534,0.5367329299913569,45.73835920177384,621,1146,1767
98,2.663555364608762,69.0,1.0231032216548914,0.5375972342264477,45.019955654102,622,1128,1750
98,2.663555364608762,69.5,1.0563565552234644,0.5350043215211755,44.1419068736142,619,1106,1725
98,2.663555364608762,70.0,1.0908433079719542,0.5350043215211755,43.742793791574286,619,1096,1715
98,2.663555364608762,70.5,1.1248327416181563,0.5341400172860847,43.064301552106436,618,1079,1697
98,2.663555364608762,71.0,1.1584407019615157,0.5358686257562663,42.54545454545455,620,1066,1686
98,2.663555364608762,71.5,1.1988615226745605,0.5358686257562663,41.787139689578716,620,1047,1667
98,2.663555364608762,72.0,1.23315447807312,0.5375972342264477,41.068736141906875,622,1029,1651
98,2.663555364608762,72.5,1.2662764459848403,0.5384615384615384,40.15077605321508,623,1006,1629
98,2.663555364608762,73.0,1.3011794543266295,0.5384615384615384,39.87139689578714,623,999,1622
98,2.663555364608762,73.5,1.3419092965126038,0.5341400172860847,38.95343680709534,618,976,1594
98,2.663555364608762,74.0,1.37932553768158,0.5324114088159032,38.03547671840355,616,953,1569
98,2.663555364608762,74.5,1.4226888734102243,0.5298184961106309,36.95787139689579,613,926,1539
98,2.663555364608762,75.0,1.4639769792556763,0.526361279170268,36.4789356984479,609,914,1523
98,2.663555364608762,75.5,1.5006821799278272,0.5246326707000865,35.64079822616408,607,893,1500
98,2.663555364608762,76.0,1.5416811180114744,0.5220397579948142,34.80266075388027,604,872,1476
98,2.663555364608762,76.5,1.590722234249115,0.5220397579948142,34.00443458980045,604,852,1456
98,2.663555364608762,77.0,1.6407452356815342,0.5211754537597234,32.807095343680714,603,822,1425
98,2.663555364608762,77.5,1.6886990547180165,0.5177182368193605,32.248337028824835,599,808,1407
98,2.663555364608762,78.0,1.7344632649421694,0.5151253241140882,31.33037694013304,596,785,1381
98,2.663555364608762,78.5,1.7916628944873827,0.5099394987035436,30.691796008869183,590,769,1359
98,2.663555364608762,79.0,1.8576587069034574,0.5038893690579084,30.133037694013307,583,755,1338
98,2.663555364608762,79.5,1.9154004043340684,0.5021607605877269,29.294900221729492,581,734,1315
98,2.663555364608762,80.0,1.9741851329803468,0.49870354364736386,28.45676274944568,577,713,1290
98,2.663555364608762,80.5,2.036969654560089,0.4995678478824546,27.937915742793795,578,700,1278
98,2.663555364608762,81.0,2.102254722118378,0.4961106309420916,27.219512195121954,574,682,1256
98,2.663555364608762,81.5,2.175994237661361,0.49178910976663787,26.261640798226168,569,658,1227
98,2.663555364608762,82.0,2.248897409439087,0.4874675885911841,25.543237250554327,564,640,1204
98,2.663555364608762,82.5,2.3326381504535667,0.4857389801210026,24.62527716186253,562,617,1179
98,2.663555364608762,83.0,2.425430073738098,0.4822817631806396,24.106430155210646,558,604,1162
98,2.663555364608762,83.5,2.5196004760265356,0.4822817631806396,23.26829268292683,558,583,1141
98,2.663555364608762,84.0,2.6304725933074953,0.48055315471045806,22.54988913525499,556,565,1121
98,2.663555364608762,84.5,2.7276616275310506,0.4788245462402766,21.671840354767184,554,543,1097
98,2.663555364608762,85.0,2.8380211830139164,0.47536732929991354,20.953436807095347,550,525,1075
98,2.663555364608762,85.5,2.955703905820846,0.4701815038893691,20.235033259423506,544,507,1051
98,2.663555364608762,86.0,3.081022396087646,0.4658599827139153,19.47671840354767,539,488,1027
98,2.663555364608762,86.5,3.2219283390045166,0.46499567847882456,19.03769401330377,538,477,1015
98,2.663555364608762,87.0,3.3582502841949444,0.4606741573033708,18.0,533,451,984
98,2.663555364608762,87.5,3.52468004822731,0.4546240276577355,17.082039911308204,526,428,954
98,2.663555364608762,88.0,3.7051178741455093,0.445980985306828,16.603104212860313,516,416,932
98,2.663555364608762,88.5,3.874412554502486,0.43215211754537597,16.044345898004437,500,402,902
98,2.663555364608762,89.0,4.0701590919494635,0.41832324978392393,15.565410199556542,484,390,874
98,2.663555364608762,89.5,4.255578207969666,0.41659464131374246,15.206208425720622,482,381,863
98,2.663555364608762,90.0,4.457726860046381,0.3975799481417459,14.847006651884701,460,372,832
98,2.663555364608762,90.5,4.675087914466858,0.3837510803802939,14.487804878048781,444,363,807
98,2.663555364608762,91.0,4.933004894256597,0.3707865168539326,13.968957871396897,429,350,779
98,2.663555364608762,91.5,5.220453071594238,0.3560933448573898,13.210643015521065,412,331,743
98,2.663555364608762,92.0,5.517267513275148,0.34485738980121,12.572062084257206,399,315,714
98,2.663555364608762,92.5,5.841959142684942,0.32843560933448573,12.053215077605323,380,302,682
98,2.663555364608762,93.0,6.205128560066222,0.3111495246326707,11.694013303769403,360,293,653
98,2.663555364608762,93.5,6.654482979774491,0.2990492653414002,11.015521064301552,346,276,622
98,2.663555364608762,94.0,7.212375669479336,0.28522039757994816,10.656319290465634,330,267,597
98,2.663555364608762,94.5,7.794489538669587,0.2757130509939499,10.137472283813748,319,254,573
98,2.663555364608762,95.0,8.410855770111041,0.26188418323249785,9.578713968957873,303,240,543
98,2.663555364608762,95.5,9.304570846557606,0.2445980985306828,9.299334811529935,283,233,516
98,2.663555364608762,96.0,10.050942497253422,0.23249783923941228,8.860310421286032,269,222,491
98,2.663555364608762,96.5,10.904608006477345,0.2143474503025065,8.42128603104213,248,211,459
98,2.663555364608762,97.0,11.678171405792227,0.19014693171996544,7.782705099778271,220,195,415
98,2.663555364608762,97.5,12.63719093799591,0.15730337078651685,7.303769401330378,182,183,365
98,2.663555364608762,98.0,13.963846740722648,0.1313742437337943,6.824833702882484,152,171,323
98,2.663555364608762,98.5,16.57019313812255,0.10803802938634399,6.3458980044345905,125,159,284
98,2.663555364608762,99.0,20.60003761291506,0.07346585998271392,5.787139689578715,85,145,230
98,2.663555364608762,99.5,28.334656648635683,0.03975799481417459,5.388026607538803,46,135,181
97,2.389908382892608,50.0,0.09077733382582664,0.4943820224719101,55.91574279379158,572,1401,1973
97,2.389908382892608,50.5,0.11212093323469155,0.49351771823681934,55.91574279379158,571,1401,1972
97,2.389908382892608,51.0,0.13464516386389755,0.4943820224719101,56.03547671840355,572,1404,1976
97,2.389908382892608,51.5,0.15403672441840174,0.49524632670700086,55.79600886917961,573,1398,1971
97,2.389908382892608,52.0,0.17796872973442074,0.4969749351771824,55.87583148558759,575,1400,1975
97,2.389908382892608,52.5,0.19627721086144476,0.5012964563526361,55.75609756097561,580,1397,1977
97,2.389908382892608,53.0,0.22048529401421563,0.5064822817631807,55.51662971175167,586,1391,1977
97,2.389908382892608,53.5,0.24122495941817762,0.5090751944684528,55.71618625277162,589,1396,1985
97,2.389908382892608,54.0,0.2610533964633942,0.5090751944684528,55.95565410199557,589,1402,1991
97,2.389908382892608,54.5,0.28204435005784095,0.5125324114088159,55.71618625277162,593,1396,1989
97,2.389908382892608,55.0,0.30234529823064815,0.5142610198789974,55.63636363636364,595,1394,1989
97,2.389908382892608,55.5,0.32569405794143685,0.5159896283491789,55.67627494456763,597,1395,1992
97,2.389908382892608,56.0,0.3478954076766968,0.5168539325842697,55.55654101995566,598,1392,1990
97,2.389908382892608,56.5,0.3691490027308463,0.5194468452895419,55.3569844789357,601,1387,1988
97,2.389908382892608,57.0,0.3913524010777473,0.5220397579948142,55.31707317073171,604,1386,1990
97,2.389908382892608,57.5,0.41571238785982123,0.5211754537597234,55.3569844789357,603,1387,1990
97,2.389908382892608,58.0,0.4399468266963957,0.5229040622299049,55.3569844789357,605,1387,1992
97,2.389908382892608,58.5,0.46726177960634213,0.5246326707000865,55.23725055432373,607,1384,1991
97,2.389908382892608,59.0,0.49008097410202023,0.5246326707000865,54.63858093126386,607,1369,1976
97,2.389908382892608,59.5,0.5134383669495581,0.5289541918755402,54.15964523281597,612,1357,1969
97,2.389908382892608,60.0,0.536166477203369,0.5298184961106309,54.07982261640799,613,1355,1968
97,2.389908382892608,60.5,0.5595470631122589,0.5306828003457217,54.31929046563193,614,1361,1975
97,2.389908382892608,61.0,0.5817095768451691,0.5324114088159032,54.51884700665189,616,1366,1982
97,2.389908382892608,61.5,0.6042246025800704,0.5324114088159032,54.07982261640799,616,1355,1971
97,2.389908382892608,62.0,0.6289117872714997,0.5324114088159032,53.88026607538803,616,1350,1966
97,2.389908382892608,62.5,0.6533820331096649,0.5324114088159032,53.36141906873615,616,1337,1953
97,2.389908382892608,63.0,0.6831670719385142,0.5306828003457217,53.241685144124176,614,1334,1948
97,2.389908382892608,63.5,0.7098419928550724,0.5324114088159032,52.922394678492246,616,1326,1942
97,2.389908382892608,64.0,0.7381514167785644,0.5324114088159032,52.76274944567628,616,1322,1938
97,2.389908382892608,64.5,0.764243181347847,0.5315471045808124,52.12416851441242,615,1306,1921
97,2.389908382892608,65.0,0.7910401135683061,0.533275713050994,51.804878048780495,617,1298,1915
97,2.389908382892608,65.5,0.8190016227960588,0.533275713050994,51.405764966740584,617,1288,1905
97,2.389908382892608,66.0,0.8498276674747467,0.533275713050994,50.886917960088695,617,1275,1892
97,2.389908382892608,66.5,0.878896164894104,0.5358686257562663,50.288248337028826,620,1260,1880
97,2.389908382892608,67.0,0.9106361728906633,0.5324114088159032,49.9689578713969,616,1252,1868
97,2.389908382892608,67.5,0.9385085552930833,0.533275713050994,49.68957871396896,617,1245,1862
97,2.389908382892608,68.0,0.9666943550109866,0.54019014693172,49.0509977827051,625,1229,1854
97,2.389908382892608,68.5,0.9929769545793534,0.5410544511668107,48.53215077605322,626,1216,1842
97,2.389908382892608,69.0,1.0231032216548914,0.5419187554019015,47.81374722838138,627,1198,1825
97,2.389908382892608,69.5,1.0563565552234644,0.5393258426966292,46.93569844789357,624,1176,1800
97,2.389908382892608,70.0,1.0908433079719542,0.5393258426966292,46.53658536585366,624,1166,1790
97,2.389908382892608,70.5,1.1248327416181563,0.5384615384615384,45.85809312638581,623,1149,1772
97,2.389908382892608,71.0,1.1584407019615157,0.54019014693172,45.33924611973393,625,1136,1761
97,2.389908382892608,71.5,1.1988615226745605,0.54019014693172,44.5809312638581,625,1117,1742
97,2.389908382892608,72.0,1.23315447807312,0.5419187554019015,43.86252771618626,627,1099,1726
97,2.389908382892608,72.5,1.2662764459848403,0.5427830596369922,42.94456762749446,628,1076,1704
97,2.389908382892608,73.0,1.3011794543266295,0.5427830596369922,42.665188470066525,628,1069,1697
97,2.389908382892608,73.5,1.3419092965126038,0.5384615384615384,41.747228381374725,623,1046,1669
97,2.389908382892608,74.0,1.37932553768158,0.5367329299913569,40.82926829268293,621,1023,1644
97,2.389908382892608,74.5,1.4226888734102243,0.5341400172860847,39.79157427937916,618,997,1615
97,2.389908382892608,75.0,1.4639769792556763,0.5315471045808124,39.27272727272727,615,984,1599
97,2.389908382892608,75.5,1.5006821799278272,0.5298184961106309,38.43458980044346,613,963,1576
97,2.389908382892608,76.0,1.5416811180114744,0.5272255834053586,37.59645232815965,610,942,1552
97,2.389908382892608,76.5,1.590722234249115,0.5272255834053586,36.83813747228382,610,923,1533
97,2.389908382892608,77.0,1.6407452356815342,0.526361279170268,35.68070953436808,609,894,1503
97,2.389908382892608,77.5,1.6886990547180165,0.5229040622299049,35.1219512195122,605,880,1485
97,2.389908382892608,78.0,1.7344632649421694,0.5203111495246326,34.2039911308204,602,857,1459
97,2.389908382892608,78.5,1.7916628944873827,0.5151253241140882,33.565410199556545,596,841,1437
97,2.389908382892608,79.0,1.8576587069034574,0.5090751944684528,33.006651884700666,589,827,1416
97,2.389908382892608,79.5,1.9154004043340684,0.5073465859982714,32.208425720620845,587,807,1394
97,2.389908382892608,80.0,1.9741851329803468,0.5038893690579084,31.37028824833703,583,786,1369
97,2.389908382892608,80.5,2.036969654560089,0.5047536732929991,30.851441241685148,584,773,1357
97,2.389908382892608,81.0,2.102254722118378,0.5012964563526361,30.133037694013307,580,755,1335
97,2.389908382892608,81.5,2.175994237661361,0.4969749351771824,29.21507760532151,575,732,1307
97,2.389908382892608,82.0,2.248897409439087,0.49265341400172863,28.49667405764967,570,714,1284
97,2.389908382892608,82.5,2.3326381504535667,0.4909248055315471,27.578713968957874,568,691,1259
97,2.389908382892608,83.0,2.425430073738098,0.4874675885911841,27.05986696230599,564,678,1242
97,2.389908382892608,83.5,2.5196004760265356,0.4874675885911841,26.221729490022174,564,657,1221
97,2.389908382892608,84.0,2.6304725933074953,0.4857389801210026,25.503325942350333,562,639,1201
97,2.389908382892608,84.5,2.7276616275310506,0.4840103716508211,24.62527716186253,560,617,1177
97,2.389908382892608,85.0,2.8380211830139164,0.48055315471045806,23.90687361419069,556,599,1155
97,2.389908382892608,85.5,2.955703905820846,0.47536732929991354,23.18847006651885,550,581,1131
97,2.389908382892608,86.0,3.081022396087646,0.47191011235955055,22.390243902439025,546,561,1107
97,2.389908382892608,86.5,3.2219283390045166,0.4710458081244598,21.951219512195124,545,550,1095
97,2.389908382892608,87.0,3.3582502841949444,0.46672428694900603,20.913525498891353,540,524,1064
97,2.389908382892608,87.5,3.52468004822731,0.4606741573033708,19.995565410199557,533,501,1034
97,2.389908382892608,88.0,3.7051178741455093,0.4520311149524633,19.516629711751666,523,489,1012
97,2.389908382892608,88.5,3.874412554502486,0.43820224719101125,18.95787139689579,507,475,982
97,2.389908382892608,89.0,4.0701590919494635,0.4243733794295592,18.478935698447895,491,463,954
97,2.389908382892608,89.5,4.255578207969666,0.4226447709593777,18.119733924611975,489,454,943
97,2.389908382892608,90.0,4.457726860046381,0.4044943820224719,17.720620842572064,468,444,912
97,2.389908382892608,90.5,4.675087914466858,0.39066551426101986,17.361419068736144,452,435,887
97,2.389908382892608,91.0,4.933004894256597,0.3777009507346586,16.84257206208426,437,422,859
97,2.389908382892608,91.5,5.220453071594238,0.3630077787381158,16.084257206208427,420,403,823
97,2.389908382892608,92.0,5.517267513275148,0.35177182368193605,15.48558758314856,407,388,795
97,2.389908382892608,92.5,5.841959142684942,0.3353500432152118,14.966740576496676,388,375,763
97,2.389908382892608,93.0,6.205128560066222,0.3180639585133967,14.607538802660756,368,366,734
97,2.389908382892608,93.5,6.654482979774491,0.3059636992221262,13.929046563192905,354,349,703
97,2.389908382892608,94.0,7.212375669479336,0.29213483146067415,13.569844789356985,338,340,678
97,2.389908382892608,94.5,7.794489538669587,0.2843560933448574,12.971175166297119,329,325,654
97,2.389908382892608,95.0,8.410855770111041,0.27052722558340536,12.412416851441243,313,311,624
97,2.389908382892608,95.5,9.304570846557606,0.25324114088159033,12.133037694013305,293,304,597
97,2.389908382892608,96.0,10.050942497253422,0.2411408815903198,11.694013303769403,279,293,572
97,2.389908382892608,96.5,10.904608006477345,0.222990492653414,11.2549889135255,258,282,540
97,2.389908382892608,97.0,11.678171405792227,0.19878997407087295,10.616407982261642,230,266,496
97,2.389908382892608,97.5,12.63719093799591,0.16594641313742436,10.137472283813748,192,254,446
97,2.389908382892608,98.0,13.963846740722648,0.14001728608470182,9.658536585365855,162,242,404
97,2.389908382892608,98.5,16.57019313812255,0.11668107173725151,9.17960088691796,135,230,365
97,2.389908382892608,99.0,20.60003761291506,0.08210890233362143,8.620842572062084,95,216,311
97,2.389908382892608,99.5,28.334656648635683,0.04840103716508211,8.221729490022174,56,206,262
96,2.2125669479370127,50.0,0.09077733382582664,0.4969749351771824,58.509977827051,575,1466,2041
96,2.2125669479370127,50.5,0.11212093323469155,0.4961106309420916,58.509977827051,574,1466,2040
96,2.2125669479370127,51.0,0.13464516386389755,0.4978392394122731,58.589800443458984,576,1468,2044
96,2.2125669479370127,51.5,0.15403672441840174,0.49870354364736386,58.310421286031044,577,1461,2038
96,2.2125669479370127,52.0,0.17796872973442074,0.5004321521175453,58.39024390243903,579,1463,2042
96,2.2125669479370127,52.5,0.19627721086144476,0.5047536732929991,58.270509977827054,584,1460,2044
96,2.2125669479370127,53.0,0.22048529401421563,0.5099394987035436,58.03104212860311,590,1454,2044
96,2.2125669479370127,53.5,0.24122495941817762,0.5125324114088159,58.23059866962306,593,1459,2052
96,2.2125669479370127,54.0,0.2610533964633942,0.5125324114088159,58.47006651884701,593,1465,2058
96,2.2125669479370127,54.5,0.28204435005784095,0.5159896283491789,58.23059866962306,597,1459,2056
96,2.2125669479370127,55.0,0.30234529823064815,0.5177182368193605,58.15077605321508,599,1457,2056
96,2.2125669479370127,55.5,0.32569405794143685,0.5194468452895419,58.19068736141907,601,1458,2059
96,2.2125669479370127,56.0,0.3478954076766968,0.5203111495246326,58.0709534368071,602,1455,2057
96,2.2125669479370127,56.5,0.3691490027308463,0.5229040622299049,57.83148558758315,605,1449,2054
96,2.2125669479370127,57.0,0.3913524010777473,0.5254969749351772,57.79157427937916,608,1448,2056
96,2.2125669479370127,57.5,0.41571238785982123,0.5246326707000865,57.83148558758315,607,1449,2056
96,2.2125669479370127,58.0,0.4399468266963957,0.526361279170268,57.83148558758315,609,1449,2058
96,2.2125669479370127,58.5,0.46726177960634213,0.5280898876404494,57.71175166297118,611,1446,2057
96,2.2125669479370127,59.0,0.49008097410202023,0.5280898876404494,57.07317073170732,611,1430,2041
96,2.2125669479370127,59.5,0.5134383669495581,0.5324114088159032,56.59423503325943,616,1418,2034
96,2.2125669479370127,60.0,0.536166477203369,0.533275713050994,56.51441241685144,617,1416,2033
96,2.2125669479370127,60.5,0.5595470631122589,0.5341400172860847,56.75388026607539,618,1422,2040
96,2.2125669479370127,61.0,0.5817095768451691,0.5358686257562663,56.95343680709535,620,1427,2047
96,2.2125669479370127,61.5,0.6042246025800704,0.5358686257562663,56.51441241685144,620,1416,2036
96,2.2125669479370127,62.0,0.6289117872714997,0.5358686257562663,56.31485587583149,620,1411,2031
96,2.2125669479370127,62.5,0.6533820331096649,0.5358686257562663,55.79600886917961,620,1398,2018
96,2.2125669479370127,63.0,0.6831670719385142,0.5341400172860847,55.67627494456763,618,1395,2013
96,2.2125669479370127,63.5,0.7098419928550724,0.5358686257562663,55.3569844789357,620,1387,2007
96,2.2125669479370127,64.0,0.7381514167785644,0.5358686257562663,55.19733924611974,620,1383,2003
96,2.2125669479370127,64.5,0.764243181347847,0.5350043215211755,54.55875831485588,619,1367,1986
96,2.2125669479370127,65.0,0.7910401135683061,0.5367329299913569,54.23946784922395,621,1359,1980
96,2.2125669479370127,65.5,0.8190016227960588,0.5367329299913569,53.84035476718404,621,1349,1970
96,2.2125669479370127,66.0,0.8498276674747467,0.5367329299913569,53.281596452328166,621,1335,1956
96,2.2125669479370127,66.5,0.878896164894104,0.5393258426966292,52.72283813747229,624,1321,1945
96,2.2125669479370127,67.0,0.9106361728906633,0.5358686257562663,52.40354767184036,620,1313,1933
96,2.2125669479370127,67.5,0.9385085552930833,0.5367329299913569,52.12416851441242,621,1306,1927
96,2.2125669479370127,68.0,0.9666943550109866,0.543647363872083,51.485587583148565,629,1290,1919
96,2.2125669479370127,68.5,0.9929769545793534,0.5445116681071738,50.966740576496676,630,1277,1907
96,2.2125669479370127,69.0,1.0231032216548914,0.5453759723422644,50.248337028824835,631,1259,1890
96,2.2125669479370127,69.5,1.0563565552234644,0.5427830596369922,49.37028824833703,628,1237,1865
96,2.2125669479370127,70.0,1.0908433079719542,0.5427830596369922,48.97117516629712,628,1227,1855
96,2.2125669479370127,70.5,1.1248327416181563,0.5419187554019015,48.33259423503326,627,1211,1838
96,2.2125669479370127,71.0,1.1584407019615157,0.5427830596369922,47.85365853658537,628,1199,1827
96,2.2125669479370127,71.5,1.1988615226745605,0.5427830596369922,47.09534368070954,628,1180,1808
96,2.2125669479370127,72.0,1.23315447807312,0.5445116681071738,46.3769401330377,630,1162,1792
96,2.2125669479370127,72.5,1.2662764459848403,0.5453759723422644,45.4589800443459,631,1139,1770
96,2.2125669479370127,73.0,1.3011794543266295,0.5453759723422644,45.13968957871397,631,1131,1762
96,2.2125669479370127,73.5,1.3419092965126038,0.5410544511668107,44.18181818181819,626,1107,1733
96,2.2125669479370127,74.0,1.37932553768158,0.5393258426966292,43.26385809312639,624,1084,1708
96,2.2125669479370127,74.5,1.4226888734102243,0.5367329299913569,42.305986696230605,621,1060,1681
96,2.2125669479370127,75.0,1.4639769792556763,0.533275713050994,41.827050997782706,617,1048,1665
96,2.2125669479370127,75.5,1.5006821799278272,0.5324114088159032,40.949002217294904,616,1026,1642
96,2.2125669479370127,76.0,1.5416811180114744,0.5298184961106309,40.15077605321508,613,1006,1619
96,2.2125669479370127,76.5,1.590722234249115,0.5298184961106309,39.39246119733925,613,987,1600
96,2.2125669479370127,77.0,1.6407452356815342,0.5289541918755402,38.31485587583149,612,960,1572
96,2.2125669479370127,77.5,1.6886990547180165,0.5254969749351772,37.75609756097561,608,946,1554
96,2.2125669479370127,78.0,1.7344632649421694,0.5229040622299049,36.87804878048781,605,924,1529
96,2.2125669479370127,78.5,1.7916628944873827,0.5177182368193605,36.23946784922395,599,908,1507
96,2.2125669479370127,79.0,1.8576587069034574,0.5116681071737251,35.68070953436808,592,894,1486
96,2.2125669479370127,79.5,1.9154004043340684,0.5099394987035436,34.88248337028825,590,874,1464
96,2.2125669479370127,80.0,1.9741851329803468,0.5064822817631807,34.04434589800444,586,853,1439
96,2.2125669479370127,80.5,2.036969654560089,0.5073465859982714,33.525498891352555,587,840,1427
96,2.2125669479370127,81.0,2.102254722118378,0.5038893690579084,32.807095343680714,583,822,1405
96,2.2125669479370127,81.5,2.175994237661361,0.4995678478824546,31.889135254988915,578,799,1377
96,2.2125669479370127,82.0,2.248897409439087,0.49524632670700086,31.170731707317074,573,781,1354
96,2.2125669479370127,82.5,2.3326381504535667,0.49351771823681934,30.252771618625278,571,758,1329
96,2.2125669479370127,83.0,2.425430073738098,0.49006050129645634,29.694013303769403,567,744,1311
96,2.2125669479370127,83.5,2.5196004760265356,0.49006050129645634,28.89578713968958,567,724,1291
96,2.2125669479370127,84.0,2.6304725933074953,0.48833189282627487,28.17738359201774,565,706,1271
96,2.2125669479370127,84.5,2.7276616275310506,0.48660328435609335,27.299334811529935,563,684,1247
96,2.2125669479370127,85.0,2.8380211830139164,0.4840103716508211,26.580931263858094,560,666,1226
96,2.2125669479370127,85.5,2.955703905820846,0.4788245462402766,25.902439024390247,554,649,1203
96,2.2125669479370127,86.0,3.081022396087646,0.47536732929991354,25.104212860310422,550,629,1179
96,2.2125669479370127,86.5,3.2219283390045166,0.47450302506482284,24.66518847006652,549,618,1167
96,2.2125669479370127,87.0,3.3582502841949444,0.4701815038893691,23.66740576496674,544,593,1137
96,2.2125669479370127,87.5,3.52468004822731,0.4641313742437338,22.749445676274945,537,570,1107
96,2.2125669479370127,88.0,3.7051178741455093,0.4554883318928263,22.270509977827054,527,558,1085
96,2.2125669479370127,88.5,3.874412554502486,0.44165946413137425,21.711751662971178,511,544,1055
96,2.2125669479370127,89.0,4.0701590919494635,0.4278305963699222,21.232815964523283,495,532,1027
96,2.2125669479370127,89.5,4.255578207969666,0.4261019878997407,20.873614190687363,493,523,1016
96,2.2125669479370127,90.0,4.457726860046381,0.4079515989628349,20.474501108647452,472,513,985
96,2.2125669479370127,90.5,4.675087914466858,0.3941227312013829,20.11529933481153,456,504,960
96,2.2125669479370127,91.0,4.933004894256597,0.3811581676750216,19.596452328159646,441,491,932
96,2.2125669479370127,91.5,5.220453071594238,0.36732929991356955,18.798226164079825,425,471,896
96,2.2125669479370127,92.0,5.517267513275148,0.3560933448573898,18.199556541019955,412,456,868
96,2.2125669479370127,92.5,5.841959142684942,0.33967156439066554,17.680709534368074,393,443,836
96,2.2125669479370127,93.0,6.205128560066222,0.32238547968885045,17.321507760532153,373,434,807
96,2.2125669479370127,93.5,6.654482979774491,0.31028522039757994,16.643015521064303,359,417,776
96,2.2125669479370127,94.0,7.212375669479336,0.29818496110630943,16.203991130820402,345,406,751
96,2.2125669479370127,94.5,7.794489538669587,0.2904062229904927,15.605321507760534,336,391,727
96,2.2125669479370127,95.0,8.410855770111041,0.27657735522904064,15.046563192904658,320,377,697
96,2.2125669479370127,95.5,9.304570846557606,0.25929127052722556,14.767184035476719,300,370,670
96,2.2125669479370127,96.0,10.050942497253422,0.24719101123595505,14.328159645232818,286,359,645
96,2.2125669479370127,96.5,10.904608006477345,0.22904062229904926,13.889135254988915,265,348,613
96,2.2125669479370127,97.0,11.678171405792227,0.2048401037165082,13.250554323725057,237,332,569
96,2.2125669479370127,97.5,12.63719093799591,0.17199654278305965,12.771618625277164,199,320,519
96,2.2125669479370127,98.0,13.963846740722648,0.14606741573033707,12.292682926829269,169,308,477
96,2.2125669479370127,98.5,16.57019313812255,0.12273120138288678,11.853658536585368,142,297,439
96,2.2125669479370127,99.0,20.60003761291506,0.0881590319792567,11.29490022172949,102,283,385
96,2.2125669479370127,99.5,28.334656648635683,0.05445116681071737,10.89578713968958,63,273,336
95,2.0753444194793698,50.0,0.09077733382582664,0.5004321521175453,60.944567627494465,579,1527,2106
95,2.0753444194793698,50.5,0.11212093323469155,0.5004321521175453,60.90465631929047,579,1526,2105
95,2.0753444194793698,51.0,0.13464516386389755,0.5021607605877269,60.944567627494465,581,1527,2108
95,2.0753444194793698,51.5,0.15403672441840174,0.5030250648228176,60.665188470066525,582,1520,2102
95,2.0753444194793698,52.0,0.17796872973442074,0.5047536732929991,60.745011086474506,584,1522,2106
95,2.0753444194793698,52.5,0.19627721086144476,0.5090751944684528,60.625277161862535,589,1519,2108
95,2.0753444194793698,53.0,0.22048529401421563,0.5142610198789974,60.385809312638585,595,1513,2108
95,2.0753444194793698,53.5,0.24122495941817762,0.5168539325842697,60.585365853658544,598,1518,2116
95,2.0753444194793698,54.0,0.2610533964633942,0.5168539325842697,60.824833702882486,598,1524,2122
95,2.0753444194793698,54.5,0.28204435005784095,0.5203111495246326,60.585365853658544,602,1518,2120
95,2.0753444194793698,55.0,0.30234529823064815,0.5220397579948142,60.505543237250556,604,1516,2120
95,2.0753444194793698,55.5,0.32569405794143685,0.5237683664649957,60.505543237250556,606,1516,2122
95,2.0753444194793698,56.0,0.3478954076766968,0.5246326707000865,60.385809312638585,607,1513,2120
95,2.0753444194793698,56.5,0.3691490027308463,0.5272255834053586,60.146341463414636,610,1507,2117
95,2.0753444194793698,57.0,0.3913524010777473,0.5298184961106309,60.066518847006655,613,1505,2118
95,2.0753444194793698,57.5,0.41571238785982123,0.5289541918755402,60.106430155210646,612,1506,2118
95,2.0753444194793698,58.0,0.4399468266963957,0.5306828003457217,60.106430155210646,614,1506,2120
95,2.0753444194793698,58.5,0.46726177960634213,0.5324114088159032,59.986696230598675,616,1503,2119
95,2.0753444194793698,59.0,0.49008097410202023,0.5324114088159032,59.348115299334815,616,1487,2103
95,2.0753444194793698,59.5,0.5134383669495581,0.5367329299913569,58.86917960088692,621,1475,2096
95,2.0753444194793698,60.0,0.536166477203369,0.5375972342264477,58.78935698447894,622,1473,2095
95,2.0753444194793698,60.5,0.5595470631122589,0.5384615384615384,59.028824833702885,623,1479,2102
95,2.0753444194793698,61.0,0.5817095768451691,0.54019014693172,59.268292682926834,625,1485,2110
95,2.0753444194793698,61.5,0.6042246025800704,0.54019014693172,58.82926829268293,625,1474,2099
95,2.0753444194793698,62.0,0.6289117872714997,0.54019014693172,58.629711751662974,625,1469,2094
95,2.0753444194793698,62.5,0.6533820331096649,0.54019014693172,58.11086474501109,625,1456,2081
95,2.0753444194793698,63.0,0.6831670719385142,0.5384615384615384,57.99113082039912,623,1453,2076
95,2.0753444194793698,63.5,0.7098419928550724,0.54019014693172,57.6319290465632,625,1444,2069
95,2.0753444194793698,64.0,0.7381514167785644,0.54019014693172,57.47228381374723,625,1440,2065
95,2.0753444194793698,64.5,0.764243181347847,0.5384615384615384,56.87361419068736,623,1425,2048
95,2.0753444194793698,65.0,0.7910401135683061,0.54019014693172,56.55432372505544,625,1417,2042
95,2.0753444194793698,65.5,0.8190016227960588,0.54019014693172,56.15521064301552,625,1407,2032
95,2.0753444194793698,66.0,0.8498276674747467,0.54019014693172,55.59645232815965,625,1393,2018
95,2.0753444194793698,66.5,0.878896164894104,0.5427830596369922,55.03769401330377,628,1379,2007
95,2.0753444194793698,67.0,0.9106361728906633,0.5393258426966292,54.71840354767185,624,1371,1995
95,2.0753444194793698,67.5,0.9385085552930833,0.54019014693172,54.43902439024391,625,1364,1989
95,2.0753444194793698,68.0,0.9666943550109866,0.547104580812446,53.80044345898005,633,1348,1981
95,2.0753444194793698,68.5,0.9929769545793534,0.5479688850475367,53.281596452328166,634,1335,1969
95,2.0753444194793698,69.0,1.0231032216548914,0.5488331892826275,52.563192904656326,635,1317,1952
95,2.0753444194793698,69.5,1.0563565552234644,0.5462402765773552,51.68514412416852,632,1295,1927
95,2.0753444194793698,70.0,1.0908433079719542,0.5462402765773552,51.325942350332596,632,1286,1918
95,2.0753444194793698,70.5,1.1248327416181563,0.5453759723422644,50.727272727272734,631,1271,1902
95,2.0753444194793698,71.0,1.1584407019615157,0.5462402765773552,50.248337028824835,632,1259,1891
95,2.0753444194793698,71.5,1.1988615226745605,0.547104580812446,49.450110864745014,633,1239,1872
95,2.0753444194793698,72.0,1.23315447807312,0.5488331892826275,48.73170731707317,635,1221,1856
95,2.0753444194793698,72.5,1.2662764459848403,0.5496974935177182,47.81374722838138,636,1198,1834
95,2.0753444194793698,73.0,1.3011794543266295,0.5488331892826275,47.49445676274945,635,1190,1825
95,2.0753444194793698,73.5,1.3419092965126038,0.5445116681071738,46.53658536585366,630,1166,1796
95,2.0753444194793698,74.0,1.37932553768158,0.5427830596369922,45.61862527716187,628,1143,1771
95,2.0753444194793698,74.5,1.4226888734102243,0.5410544511668107,44.66075388026608,626,1119,1745
95,2.0753444194793698,75.0,1.4639769792556763,0.5375972342264477,44.18181818181819,622,1107,1729
95,2.0753444194793698,75.5,1.5006821799278272,0.5367329299913569,43.30376940133038,621,1085,1706
95,2.0753444194793698,76.0,1.5416811180114744,0.5341400172860847,42.465631929046566,618,1064,1682
95,2.0753444194793698,76.5,1.590722234249115,0.5341400172860847,41.707317073170735,618,1045,1663
95,2.0753444194793698,77.0,1.6407452356815342,0.533275713050994,40.669623059866964,617,1019,1636
95,2.0753444194793698,77.5,1.6886990547180165,0.5298184961106309,40.11086474501109,613,1005,1618
95,2.0753444194793698,78.0,1.7344632649421694,0.5272255834053586,39.23281596452328,610,983,1593
95,2.0753444194793698,78.5,1.7916628944873827,0.5220397579948142,38.59423503325942,604,967,1571
95,2.0753444194793698,79.0,1.8576587069034574,0.5159896283491789,38.03547671840355,597,953,1550
95,2.0753444194793698,79.5,1.9154004043340684,0.5142610198789974,37.23725055432373,595,933,1528
95,2.0753444194793698,80.0,1.9741851329803468,0.5108038029386344,36.39911308203991,591,912,1503
95,2.0753444194793698,80.5,2.036969654560089,0.5116681071737251,35.88026607538803,592,899,1491
95,2.0753444194793698,81.0,2.102254722118378,0.5082108902333622,35.16186252771619,588,881,1469
95,2.0753444194793698,81.5,2.175994237661361,0.5038893690579084,34.243902439024396,583,858,1441
95,2.0753444194793698,82.0,2.248897409439087,0.4995678478824546,33.525498891352555,578,840,1418
95,2.0753444194793698,82.5,2.3326381504535667,0.4978392394122731,32.607538802660756,576,817,1393
95,2.0753444194793698,83.0,2.425430073738098,0.4943820224719101,32.04878048780488,572,803,1375
95,2.0753444194793698,83.5,2.5196004760265356,0.4943820224719101,31.210643015521068,572,782,1354
95,2.0753444194793698,84.0,2.6304725933074953,0.49265341400172863,30.492239467849227,570,764,1334
95,2.0753444194793698,84.5,2.7276616275310506,0.4909248055315471,29.654101995565412,568,743,1311
95,2.0753444194793698,85.0,2.8380211830139164,0.48833189282627487,28.975609756097562,565,726,1291
95,2.0753444194793698,85.5,2.955703905820846,0.48314606741573035,28.297117516629715,559,709,1268
95,2.0753444194793698,86.0,3.081022396087646,0.48055315471045806,27.4589800443459,556,688,1244
95,2.0753444194793698,86.5,3.2219283390045166,0.47968885047536736,27.019955654102,555,677,1232
95,2.0753444194793698,87.0,3.3582502841949444,0.47536732929991354,26.02217294900222,550,652,1202
95,2.0753444194793698,87.5,3.52468004822731,0.4693171996542783,25.104212860310422,543,629,1172
95,2.0753444194793698,88.0,3.7051178741455093,0.4606741573033708,24.62527716186253,533,617,1150
95,2.0753444194793698,88.5,3.874412554502486,0.44684528954191877,24.066518847006655,517,603,1120
95,2.0753444194793698,89.0,4.0701590919494635,0.43301642178046673,23.62749445676275,501,592,1093
95,2.0753444194793698,89.5,4.255578207969666,0.4312878133102852,23.26829268292683,499,583,1082
95,2.0753444194793698,90.0,4.457726860046381,0.4131374243733794,22.86917960088692,478,573,1051
95,2.0753444194793698,90.5,4.675087914466858,0.3993085566119274,22.509977827051,462,564,1026
95,2.0753444194793698,91.0,4.933004894256597,0.3863439930855661,21.991130820399114,447,551,998
95,2.0753444194793698,91.5,5.220453071594238,0.37251512532411407,21.192904656319293,431,531,962
95,2.0753444194793698,92.0,5.517267513275148,0.3612791702679343,20.594235033259427,418,516,934
95,2.0753444194793698,92.5,5.841959142684942,0.34485738980121,20.07538802660754,399,503,902
95,2.0753444194793698,93.0,6.205128560066222,0.32757130509939497,19.71618625277162,379,494,873
95,2.0753444194793698,93.5,6.654482979774491,0.31547104580812446,19.03769401330377,365,477,842
95,2.0753444194793698,94.0,7.212375669479336,0.30423509075194466,18.59866962305987,352,466,818
95,2.0753444194793698,94.5,7.794489538669587,0.2964563526361279,18.0,343,451,794
95,2.0753444194793698,95.0,8.410855770111041,0.28262748487467587,17.441241685144124,327,437,764
95,2.0753444194793698,95.5,9.304570846557606,0.2662057044079516,17.121951219512198,308,429,737
95,2.0753444194793698,96.0,10.050942497253422,0.2541054451166811,16.682926829268293,294,418,712
95,2.0753444194793698,96.5,10.904608006477345,0.23595505617977527,16.243902439024392,273,407,680
95,2.0753444194793698,97.0,11.678171405792227,0.21175453759723423,15.605321507760534,245,391,636
95,2.0753444194793698,97.5,12.63719093799591,0.17891097666378566,15.126385809312639,207,379,586
95,2.0753444194793698,98.0,13.963846740722648,0.1529818496110631,14.647450110864746,177,367,544
95,2.0753444194793698,98.5,16.57019313812255,0.12964563526361278,14.208425720620843,150,356,506
95,2.0753444194793698,99.0,20.60003761291506,0.09507346585998272,13.649667405764967,110,342,452
95,2.0753444194793698,99.5,28.334656648635683,0.06136560069144339,13.250554323725057,71,332,403
94,1.9673549151420593,50.0,0.09077733382582664,0.5064822817631807,63.09977827050998,586,1581,2167
94,1.9673549151420593,50.5,0.11212093323469155,0.5064822817631807,63.05986696230599,586,1580,2166
94,1.9673549151420593,51.0,0.13464516386389755,0.5082108902333622,63.09977827050998,588,1581,2169
94,1.9673549151420593,51.5,0.15403672441840174,0.5090751944684528,62.82039911308205,589,1574,2163
94,1.9673549151420593,52.0,0.17796872973442074,0.5108038029386344,62.90022172949003,591,1576,2167
94,1.9673549151420593,52.5,0.19627721086144476,0.5151253241140882,62.78048780487806,596,1573,2169
94,1.9673549151420593,53.0,0.22048529401421563,0.5203111495246326,62.54101995565411,602,1567,2169
94,1.9673549151420593,53.5,0.24122495941817762,0.5229040622299049,62.74057649667406,605,1572,2177
94,1.9673549151420593,54.0,0.2610533964633942,0.5229040622299049,62.98004434589801,605,1578,2183
94,1.9673549151420593,54.5,0.28204435005784095,0.526361279170268,62.74057649667406,609,1572,2181
94,1.9673549151420593,55.0,0.30234529823064815,0.5280898876404494,62.66075388026608,611,1570,2181
94,1.9673549151420593,55.5,0.32569405794143685,0.5298184961106309,62.66075388026608,613,1570,2183
94,1.9673549151420593,56.0,0.3478954076766968,0.5306828003457217,62.54101995565411,614,1567,2181
94,1.9673549151420593,56.5,0.3691490027308463,0.533275713050994,62.30155210643016,617,1561,2178
94,1.9673549151420593,57.0,0.3913524010777473,0.5358686257562663,62.22172949002218,620,1559,2179
94,1.9673549151420593,57.5,0.41571238785982123,0.5350043215211755,62.30155210643016,619,1561,2180
94,1.9673549151420593,58.0,0.4399468266963957,0.5367329299913569,62.30155210643016,621,1561,2182
94,1.9673549151420593,58.5,0.46726177960634213,0.5384615384615384,62.18181818181819,623,1558,2181
94,1.9673549151420593,59.0,0.49008097410202023,0.5384615384615384,61.54323725055433,623,1542,2165
94,1.9673549151420593,59.5,0.5134383669495581,0.5427830596369922,61.104212860310426,628,1531,2159
94,1.9673549151420593,60.0,0.536166477203369,0.5445116681071738,60.984478935698455,630,1528,2158
94,1.9673549151420593,60.5,0.5595470631122589,0.5453759723422644,61.2239467849224,631,1534,2165
94,1.9673549151420593,61.0,0.5817095768451691,0.547104580812446,61.463414634146346,633,1540,2173
94,1.9673549151420593,61.5,0.6042246025800704,0.547104580812446,61.024390243902445,633,1529,2162
94,1.9673549151420593,62.0,0.6289117872714997,0.547104580812446,60.824833702882486,633,1524,2157
94,1.9673549151420593,62.5,0.6533820331096649,0.547104580812446,60.305986696230605,633,1511,2144
94,1.9673549151420593,63.0,0.6831670719385142,0.5453759723422644,60.18625277161863,631,1508,2139
94,1.9673549151420593,63.5,0.7098419928550724,0.547104580812446,59.787139689578716,633,1498,2131
94,1.9673549151420593,64.0,0.7381514167785644,0.547104580812446,59.627494456762754,633,1494,2127
94,1.9673549151420593,64.5,0.764243181347847,0.5453759723422644,59.028824833702885,631,1479,2110
94,1.9673549151420593,65.0,0.7910401135683061,0.547104580812446,58.709534368070955,633,1471,2104
94,1.9673549151420593,65.5,0.8190016227960588,0.547104580812446,58.310421286031044,633,1461,2094
94,1.9673549151420593,66.0,0.8498276674747467,0.547104580812446,57.75166297117517,633,1447,2080
94,1.9673549151420593,66.5,0.878896164894104,0.5496974935177182,57.19290465631929,636,1433,2069
94,1.9673549151420593,67.0,0.9106361728906633,0.5462402765773552,56.87361419068736,632,1425,2057
94,1.9673549151420593,67.5,0.9385085552930833,0.5462402765773552,56.63414634146342,632,1419,2051
94,1.9673549151420593,68.0,0.9666943550109866,0.5531547104580813,56.03547671840355,640,1404,2044
94,1.9673549151420593,68.5,0.9929769545793534,0.554019014693172,55.51662971175167,641,1391,2032
94,1.9673549151420593,69.0,1.0231032216548914,0.5548833189282627,54.79822616407983,642,1373,2015
94,1.9673549151420593,69.5,1.0563565552234644,0.5522904062229905,53.92017738359202,639,1351,1990
94,1.9673549151420593,70.0,1.0908433079719542,0.5522904062229905,53.5609756097561,639,1342,1981
94,1.9673549151420593,70.5,1.1248327416181563,0.5514261019878998,52.96230598669624,638,1327,1965
94,1.9673549151420593,71.0,1.1584407019615157,0.5522904062229905,52.48337028824834,639,1315,1954
94,1.9673549151420593,71.5,1.1988615226745605,0.5531547104580813,51.68514412416852,640,1295,1935
94,1.9673549151420593,72.0,1.23315447807312,0.5548833189282627,50.966740576496676,642,1277,1919
94,1.9673549151420593,72.5,1.2662764459848403,0.5557476231633535,50.04878048780488,643,1254,1897
94,1.9673549151420593,73.0,1.3011794543266295,0.5548833189282627,49.72949002217295,642,1246,1888
94,1.9673549151420593,73.5,1.3419092965126038,0.550561797752809,48.77161862527716,637,1222,1859
94,1.9673549151420593,74.0,1.37932553768158,0.547104580812446,47.93348115299335,633,1201,1834
94,1.9673549151420593,74.5,1.4226888734102243,0.5453759723422644,46.97560975609756,631,1177,1808
94,1.9673549151420593,75.0,1.4639769792556763,0.5419187554019015,46.49667405764967,627,1165,1792
94,1.9673549151420593,75.5,1.5006821799278272,0.54019014693172,45.65853658536586,625,1144,1769
94,1.9673549151420593,76.0,1.5416811180114744,0.5375972342264477,44.82039911308205,622,1123,1745
94,1.9673549151420593,76.5,1.590722234249115,0.5375972342264477,44.06208425720621,622,1104,1726
94,1.9673549151420593,77.0,1.6407452356815342,0.5367329299913569,43.024390243902445,621,1078,1699
94,1.9673549151420593,77.5,1.6886990547180165,0.533275713050994,42.465631929046566,617,1064,1681
94,1.9673549151420593,78.0,1.7344632649421694,0.5306828003457217,41.547671840354774,614,1041,1655
94,1.9673549151420593,78.5,1.7916628944873827,0.5254969749351772,40.909090909090914,608,1025,1633
94,1.9673549151420593,79.0,1.8576587069034574,0.5194468452895419,40.310421286031044,601,1010,1611
94,1.9673549151420593,79.5,1.9154004043340684,0.5177182368193605,39.5920177383592,599,992,1591
94,1.9673549151420593,80.0,1.9741851329803468,0.5142610198789974,38.75388026607539,595,971,1566
94,1.9673549151420593,80.5,2.036969654560089,0.5151253241140882,38.23503325942351,596,958,1554
94,1.9673549151420593,81.0,2.102254722118378,0.5108038029386344,37.55654101995566,591,941,1532
94,1.9673549151420593,81.5,2.175994237661361,0.5064822817631807,36.63858093126386,586,918,1504
94,1.9673549151420593,82.0,2.248897409439087,0.5030250648228176,35.88026607538803,582,899,1481
94,1.9673549151420593,82.5,2.3326381504535667,0.5030250648228176,34.88248337028825,582,874,1456
94,1.9673549151420593,83.0,2.425430073738098,0.4995678478824546,34.32372505543238,578,860,1438
94,1.9673549151420593,83.5,2.5196004760265356,0.4995678478824546,33.485587583148565,578,839,1417
94,1.9673549151420593,84.0,2.6304725933074953,0.4978392394122731,32.767184035476724,576,821,1397
94,1.9673549151420593,84.5,2.7276616275310506,0.4961106309420916,31.92904656319291,574,800,1374
94,1.9673549151420593,85.0,2.8380211830139164,0.49351771823681934,31.25055432372506,571,783,1354
94,1.9673549151420593,85.5,2.955703905820846,0.4891961970613656,30.572062084257208,566,766,1332
94,1.9673549151420593,86.0,3.081022396087646,0.48660328435609335,29.733924611973396,563,745,1308
94,1.9673549151420593,86.5,3.2219283390045166,0.4857389801210026,29.294900221729492,562,734,1296
94,1.9673549151420593,87.0,3.3582502841949444,0.4814174589455488,28.297117516629715,557,709,1266
94,1.9673549151420593,87.5,3.52468004822731,0.47536732929991354,27.37915742793792,550,686,1236
94,1.9673549151420593,88.0,3.7051178741455093,0.46672428694900603,26.900221729490024,540,674,1214
94,1.9673549151420593,88.5,3.874412554502486,0.452895419187554,26.34146341463415,524,660,1184
94,1.9673549151420593,89.0,4.0701590919494635,0.439066551426102,25.902439024390247,508,649,1157
94,1.9673549151420593,89.5,4.255578207969666,0.4373379429559205,25.543237250554327,506,640,1146
94,1.9673549151420593,90.0,4.457726860046381,0.42005185825410546,25.144124168514413,486,630,1116
94,1.9673549151420593,90.5,4.675087914466858,0.4062229904926534,24.784922394678492,470,621,1091
94,1.9673549151420593,91.0,4.933004894256597,0.39325842696629215,24.26607538802661,455,608,1063
94,1.9673549151420593,91.5,5.220453071594238,0.3794295592048401,23.467849223946786,439,588,1027
94,1.9673549151420593,92.0,5.517267513275148,0.3681936041486603,22.86917960088692,426,573,999
94,1.9673549151420593,92.5,5.841959142684942,0.35177182368193605,22.350332594235034,407,560,967
94,1.9673549151420593,93.0,6.205128560066222,0.3362143474503025,21.911308203991133,389,549,938
94,1.9673549151420593,93.5,6.654482979774491,0.324114088159032,21.232815964523283,375,532,907
94,1.9673549151420593,94.0,7.212375669479336,0.31287813310285223,20.793791574279382,362,521,883
94,1.9673549151420593,94.5,7.794489538669587,0.3059636992221262,20.195121951219512,354,506,860
94,1.9673549151420593,95.0,8.410855770111041,0.29213483146067415,19.636363636363637,338,492,830
94,1.9673549151420593,95.5,9.304570846557606,0.2757130509939499,19.31707317073171,319,484,803
94,1.9673549151420593,96.0,10.050942497253422,0.2636127917026793,18.878048780487806,305,473,778
94,1.9673549151420593,96.5,10.904608006477345,0.24632670700086431,18.399113082039914,285,461,746
94,1.9673549151420593,97.0,11.678171405792227,0.22212618841832324,17.760532150776054,257,445,702
94,1.9673549151420593,97.5,12.63719093799591,0.18928262748487468,17.28159645232816,219,433,652
94,1.9673549151420593,98.0,13.963846740722648,0.16421780466724287,16.762749445676278,190,420,610
94,1.9673549151420593,98.5,16.57019313812255,0.14088159031979255,16.323725055432373,163,409,572
94,1.9673549151420593,99.0,20.60003761291506,0.1063094209161625,15.764966740576497,123,395,518
94,1.9673549151420593,99.5,28.334656648635683,0.07260155574762317,15.365853658536587,84,385,469
93,1.870513677597046,50.0,0.09077733382582664,0.5116681071737251,65.69401330376941,592,1646,2238
93,1.870513677597046,50.5,0.11212093323469155,0.5116681071737251,65.65410199556541,592,1645,2237
93,1.870513677597046,51.0,0.13464516386389755,0.5133967156439067,65.69401330376941,594,1646,2240
93,1.870513677597046,51.5,0.15403672441840174,0.5142610198789974,65.41463414634147,595,1639,2234
93,1.870513677597046,52.0,0.17796872973442074,0.5159896283491789,65.45454545454545,597,1640,2237
93,1.870513677597046,52.5,0.19627721086144476,0.5203111495246326,65.33481152993349,602,1637,2239
93,1.870513677597046,53.0,0.22048529401421563,0.5246326707000865,65.21507760532151,607,1634,2241
93,1.870513677597046,53.5,0.24122495941817762,0.5272255834053586,65.41463414634147,610,1639,2249
93,1.870513677597046,54.0,0.2610533964633942,0.5272255834053586,65.65410199556541,610,1645,2255
93,1.870513677597046,54.5,0.28204435005784095,0.5306828003457217,65.41463414634147,614,1639,2253
93,1.870513677597046,55.0,0.30234529823064815,0.5324114088159032,65.33481152993349,616,1637,2253
93,1.870513677597046,55.5,0.32569405794143685,0.5341400172860847,65.25498891352551,618,1635,2253
93,1.870513677597046,56.0,0.3478954076766968,0.5350043215211755,65.17516629711753,619,1633,2252
93,1.870513677597046,56.5,0.3691490027308463,0.5375972342264477,64.93569844789357,622,1627,2249
93,1.870513677597046,57.0,0.3913524010777473,0.54019014693172,64.85587583148559,625,1625,2250
93,1.870513677597046,57.5,0.41571238785982123,0.5393258426966292,64.93569844789357,624,1627,2251
93,1.870513677597046,58.0,0.4399468266963957,0.5410544511668107,64.93569844789357,626,1627,2253
93,1.870513677597046,58.5,0.46726177960634213,0.5427830596369922,64.81596452328161,628,1624,2252
93,1.870513677597046,59.0,0.49008097410202023,0.5427830596369922,64.17738359201775,628,1608,2236
93,1.870513677597046,59.5,0.5134383669495581,0.547104580812446,63.73835920177384,633,1597,2230
93,1.870513677597046,60.0,0.536166477203369,0.5479688850475367,63.61862527716187,634,1594,2228
93,1.870513677597046,60.5,0.5595470631122589,0.5488331892826275,63.85809312638582,635,1600,2235
93,1.870513677597046,61.0,0.5817095768451691,0.550561797752809,64.09756097560977,637,1606,2243
93,1.870513677597046,61.5,0.6042246025800704,0.550561797752809,63.65853658536586,637,1595,2232
93,1.870513677597046,62.0,0.6289117872714997,0.550561797752809,63.4589800443459,637,1590,2227
93,1.870513677597046,62.5,0.6533820331096649,0.5514261019878998,62.90022172949003,638,1576,2214
93,1.870513677597046,63.0,0.6831670719385142,0.5496974935177182,62.74057649667406,636,1572,2208
93,1.870513677597046,63.5,0.7098419928550724,0.5514261019878998,62.34146341463415,638,1562,2200
93,1.870513677597046,64.0,0.7381514167785644,0.5514261019878998,62.18181818181819,638,1558,2196
93,1.870513677597046,64.5,0.764243181347847,0.5496974935177182,61.58314855875832,636,1543,2179
93,1.870513677597046,65.0,0.7910401135683061,0.5514261019878998,61.343680709534375,638,1537,2175
93,1.870513677597046,65.5,0.8190016227960588,0.5514261019878998,60.944567627494465,638,1527,2165
93,1.870513677597046,66.0,0.8498276674747467,0.5514261019878998,60.425720620842576,638,1514,2152
93,1.870513677597046,66.5,0.878896164894104,0.554019014693172,59.946784922394684,641,1502,2143
93,1.870513677597046,67.0,0.9106361728906633,0.550561797752809,59.627494456762754,637,1494,2131
93,1.870513677597046,67.5,0.9385085552930833,0.550561797752809,59.388026607538805,637,1488,2125
93,1.870513677597046,68.0,0.9666943550109866,0.5566119273984442,58.82926829268293,644,1474,2118
93,1.870513677597046,68.5,0.9929769545793534,0.557476231633535,58.270509977827054,645,1460,2105
93,1.870513677597046,69.0,1.0231032216548914,0.5583405358686258,57.55210643015521,646,1442,2088
93,1.870513677597046,69.5,1.0563565552234644,0.5557476231633535,56.67405764966741,643,1420,2063
93,1.870513677597046,70.0,1.0908433079719542,0.5557476231633535,56.31485587583149,643,1411,2054
93,1.870513677597046,70.5,1.1248327416181563,0.5548833189282627,55.71618625277162,642,1396,2038
93,1.870513677597046,71.0,1.1584407019615157,0.5557476231633535,55.23725055432373,643,1384,2027
93,1.870513677597046,71.5,1.1988615226745605,0.5566119273984442,54.43902439024391,644,1364,2008
93,1.870513677597046,72.0,1.23315447807312,0.557476231633535,53.76053215077606,645,1347,1992
93,1.870513677597046,72.5,1.2662764459848403,0.5583405358686258,52.84257206208426,646,1324,1970
93,1.870513677597046,73.0,1.3011794543266295,0.557476231633535,52.563192904656326,645,1317,1962
93,1.870513677597046,73.5,1.3419092965126038,0.5531547104580813,51.645232815964526,640,1294,1934
93,1.870513677597046,74.0,1.37932553768158,0.5496974935177182,50.847006651884705,636,1274,1910
93,1.870513677597046,74.5,1.4226888734102243,0.5479688850475367,49.889135254988915,634,1250,1884
93,1.870513677597046,75.0,1.4639769792556763,0.5445116681071738,49.41019955654102,630,1238,1868
93,1.870513677597046,75.5,1.5006821799278272,0.5427830596369922,48.57206208425721,628,1217,1845
93,1.870513677597046,76.0,1.5416811180114744,0.54019014693172,47.77383592017739,625,1197,1822
93,1.870513677597046,76.5,1.590722234249115,0.54019014693172,47.01552106430156,625,1178,1803
93,1.870513677597046,77.0,1.6407452356815342,0.5393258426966292,45.97782705099779,624,1152,1776
93,1.870513677597046,77.5,1.6886990547180165,0.5358686257562663,45.41906873614191,620,1138,1758
93,1.870513677597046,78.0,1.7344632649421694,0.533275713050994,44.54101995565411,617,1116,1733
93,1.870513677597046,78.5,1.7916628944873827,0.5289541918755402,43.86252771618626,612,1099,1711
93,1.870513677597046,79.0,1.8576587069034574,0.5229040622299049,43.2239467849224,605,1083,1688
93,1.870513677597046,79.5,1.9154004043340684,0.5211754537597234,42.505543237250556,603,1065,1668
93,1.870513677597046,80.0,1.9741851329803468,0.5177182368193605,41.747228381374725,599,1046,1645
93,1.870513677597046,80.5,2.036969654560089,0.5185825410544511,41.228381374722844,600,1033,1633
93,1.870513677597046,81.0,2.102254722118378,0.5142610198789974,40.54988913525499,595,1016,1611
93,1.870513677597046,81.5,2.175994237661361,0.5099394987035436,39.631929046563194,590,993,1583
93,1.870513677597046,82.0,2.248897409439087,0.5073465859982714,38.83370288248337,587,973,1560
93,1.870513677597046,82.5,2.3326381504535667,0.5073465859982714,37.83592017738359,587,948,1535
93,1.870513677597046,83.0,2.425430073738098,0.5038893690579084,37.27716186252772,583,934,1517
93,1.870513677597046,83.5,2.5196004760265356,0.5030250648228176,36.4789356984479,582,914,1496
93,1.870513677597046,84.0,2.6304725933074953,0.5012964563526361,35.72062084257207,580,895,1475
93,1.870513677597046,84.5,2.7276616275310506,0.4995678478824546,34.88248337028825,578,874,1452
93,1.870513677597046,85.0,2.8380211830139164,0.4969749351771824,34.2039911308204,575,857,1432
93,1.870513677597046,85.5,2.955703905820846,0.49265341400172863,33.525498891352555,570,840,1410
93,1.870513677597046,86.0,3.081022396087646,0.49006050129645634,32.687361419068736,567,819,1386
93,1.870513677597046,86.5,3.2219283390045166,0.4891961970613656,32.248337028824835,566,808,1374
93,1.870513677597046,87.0,3.3582502841949444,0.48660328435609335,31.170731707317074,563,781,1344
93,1.870513677597046,87.5,3.52468004822731,0.48055315471045806,30.252771618625278,556,758,1314
93,1.870513677597046,88.0,3.7051178741455093,0.47191011235955055,29.813747228381377,546,747,1293
93,1.870513677597046,88.5,3.874412554502486,0.4580812445980985,29.2549889135255,530,733,1263
93,1.870513677597046,89.0,4.0701590919494635,0.4442523768366465,28.8159645232816,514,722,1236
93,1.870513677597046,89.5,4.255578207969666,0.442523768366465,28.45676274944568,512,713,1225
93,1.870513677597046,90.0,4.457726860046381,0.42523768366465,28.057649667405766,492,703,1195
93,1.870513677597046,90.5,4.675087914466858,0.41140881590319794,27.698447893569845,476,694,1170
93,1.870513677597046,91.0,4.933004894256597,0.39844425237683667,27.219512195121954,461,682,1143
93,1.870513677597046,91.5,5.220453071594238,0.38547968885047534,26.38137472283814,446,661,1107
93,1.870513677597046,92.0,5.517267513275148,0.3742437337942956,25.782705099778273,433,646,1079
93,1.870513677597046,92.5,5.841959142684942,0.35868625756266204,25.223946784922397,415,632,1047
93,1.870513677597046,93.0,6.205128560066222,0.34312878133102853,24.784922394678492,397,621,1018
93,1.870513677597046,93.5,6.654482979774491,0.331028522039758,24.106430155210646,383,604,987
93,1.870513677597046,94.0,7.212375669479336,0.3197925669835782,23.66740576496674,370,593,963
93,1.870513677597046,94.5,7.794489538669587,0.31287813310285223,23.068736141906875,362,578,940
93,1.870513677597046,95.0,8.410855770111041,0.2990492653414002,22.509977827051,346,564,910
93,1.870513677597046,95.5,9.304570846557606,0.28262748487467587,22.19068736141907,327,556,883
93,1.870513677597046,96.0,10.050942497253422,0.27052722558340536,21.75166297117517,313,545,858
93,1.870513677597046,96.5,10.904608006477345,0.25324114088159033,21.272727272727273,293,533,826
93,1.870513677597046,97.0,11.678171405792227,0.22904062229904926,20.634146341463417,265,517,782
93,1.870513677597046,97.5,12.63719093799591,0.19706136560069146,20.11529933481153,228,504,732
93,1.870513677597046,98.0,13.963846740722648,0.17199654278305965,19.596452328159646,199,491,690
93,1.870513677597046,98.5,16.57019313812255,0.1495246326707001,19.117516629711755,173,479,652
93,1.870513677597046,99.0,20.60003761291506,0.11581676750216076,18.518847006651885,134,464,598
93,1.870513677597046,99.5,28.334656648635683,0.08210890233362143,18.119733924611975,95,454,549
92,1.7928772354125981,50.0,0.09077733382582664,0.5159896283491789,68.04878048780488,597,1705,2302
92,1.7928772354125981,50.5,0.11212093323469155,0.5159896283491789,68.0088691796009,597,1704,2301
92,1.7928772354125981,51.0,0.13464516386389755,0.5177182368193605,68.04878048780488,599,1705,2304
92,1.7928772354125981,51.5,0.15403672441840174,0.5185825410544511,67.76940133037695,600,1698,2298
92,1.7928772354125981,52.0,0.17796872973442074,0.5203111495246326,67.84922394678493,602,1700,2302
92,1.7928772354125981,52.5,0.19627721086144476,0.5246326707000865,67.76940133037695,607,1698,2305
92,1.7928772354125981,53.0,0.22048529401421563,0.5289541918755402,67.64966740576497,612,1695,2307
92,1.7928772354125981,53.5,0.24122495941817762,0.5315471045808124,67.80931263858093,615,1699,2314
92,1.7928772354125981,54.0,0.2610533964633942,0.5315471045808124,68.04878048780488,615,1705,2320
92,1.7928772354125981,54.5,0.28204435005784095,0.5350043215211755,67.76940133037695,619,1698,2317
92,1.7928772354125981,55.0,0.30234529823064815,0.5367329299913569,67.68957871396897,621,1696,2317
92,1.7928772354125981,55.5,0.32569405794143685,0.5384615384615384,67.60975609756098,623,1694,2317
92,1.7928772354125981,56.0,0.3478954076766968,0.5393258426966292,67.49002217294901,624,1691,2315
92,1.7928772354125981,56.5,0.3691490027308463,0.5419187554019015,67.25055432372505,627,1685,2312
92,1.7928772354125981,57.0,0.3913524010777473,0.5445116681071738,67.17073170731707,630,1683,2313
92,1.7928772354125981,57.5,0.41571238785982123,0.543647363872083,67.25055432372505,629,1685,2314
92,1.7928772354125981,58.0,0.4399468266963957,0.5453759723422644,67.25055432372505,631,1685,2316
92,1.7928772354125981,58.5,0.46726177960634213,0.547104580812446,67.13082039911309,633,1682,2315
92,1.7928772354125981,59.0,0.49008097410202023,0.547104580812446,66.49223946784923,633,1666,2299
92,1.7928772354125981,59.5,0.5134383669495581,0.5514261019878998,66.05321507760533,638,1655,2293
92,1.7928772354125981,60.0,0.536166477203369,0.5522904062229905,65.93348115299335,639,1652,2291
92,1.7928772354125981,60.5,0.5595470631122589,0.5531547104580813,66.1729490022173,640,1658,2298
92,1.7928772354125981,61.0,0.5817095768451691,0.5548833189282627,66.41241685144125,642,1664,2306
92,1.7928772354125981,61.5,0.6042246025800704,0.5548833189282627,65.97339246119735,642,1653,2295
92,1.7928772354125981,62.0,0.6289117872714997,0.5548833189282627,65.81374722838137,642,1649,2291
92,1.7928772354125981,62.5,0.6533820331096649,0.5557476231633535,65.25498891352551,643,1635,2278
92,1.7928772354125981,63.0,0.6831670719385142,0.554019014693172,65.09534368070953,641,1631,2272
92,1.7928772354125981,63.5,0.7098419928550724,0.5557476231633535,64.69623059866963,643,1621,2264
92,1.7928772354125981,64.0,0.7381514167785644,0.5557476231633535,64.53658536585367,643,1617,2260
92,1.7928772354125981,64.5,0.764243181347847,0.554019014693172,63.97782705099779,641,1603,2244
92,1.7928772354125981,65.0,0.7910401135683061,0.5557476231633535,63.69844789356985,643,1596,2239
92,1.7928772354125981,65.5,0.8190016227960588,0.5557476231633535,63.25942350332595,643,1585,2228
92,1.7928772354125981,66.0,0.8498276674747467,0.5557476231633535,62.74057649667406,643,1572,2215
92,1.7928772354125981,66.5,0.878896164894104,0.5583405358686258,62.26164079822617,646,1560,2206
92,1.7928772354125981,67.0,0.9106361728906633,0.5548833189282627,61.94235033259424,642,1552,2194
92,1.7928772354125981,67.5,0.9385085552930833,0.5548833189282627,61.702882483370296,642,1546,2188
92,1.7928772354125981,68.0,0.9666943550109866,0.560933448573898,61.144124168514416,649,1532,2181
92,1.7928772354125981,68.5,0.9929769545793534,0.5617977528089888,60.625277161862535,650,1519,2169
92,1.7928772354125981,69.0,1.0231032216548914,0.5626620570440796,59.906873614190694,651,1501,2152
92,1.7928772354125981,69.5,1.0563565552234644,0.5600691443388073,59.028824833702885,648,1479,2127
92,1.7928772354125981,70.0,1.0908433079719542,0.5600691443388073,58.669623059866964,648,1470,2118
92,1.7928772354125981,70.5,1.1248327416181563,0.5592048401037165,58.0709534368071,647,1455,2102
92,1.7928772354125981,71.0,1.1584407019615157,0.5600691443388073,57.5920177383592,648,1443,2091
92,1.7928772354125981,71.5,1.1988615226745605,0.560933448573898,56.79379157427938,649,1423,2072
92,1.7928772354125981,72.0,1.23315447807312,0.5617977528089888,56.11529933481153,650,1406,2056
92,1.7928772354125981,72.5,1.2662764459848403,0.5626620570440796,55.19733924611974,651,1383,2034
92,1.7928772354125981,73.0,1.3011794543266295,0.5617977528089888,54.9179600886918,650,1376,2026
92,1.7928772354125981,73.5,1.3419092965126038,0.557476231633535,54.00000000000001,645,1353,1998
92,1.7928772354125981,74.0,1.37932553768158,0.554019014693172,53.241685144124176,641,1334,1975
92,1.7928772354125981,74.5,1.4226888734102243,0.5522904062229905,52.283813747228386,639,1310,1949
92,1.7928772354125981,75.0,1.4639769792556763,0.5488331892826275,51.804878048780495,635,1298,1933
92,1.7928772354125981,75.5,1.5006821799278272,0.547104580812446,50.966740576496676,633,1277,1910
92,1.7928772354125981,76.0,1.5416811180114744,0.5445116681071738,50.248337028824835,630,1259,1889
92,1.7928772354125981,76.5,1.590722234249115,0.5445116681071738,49.490022172949004,630,1240,1870
92,1.7928772354125981,77.0,1.6407452356815342,0.543647363872083,48.45232815964523,629,1214,1843
92,1.7928772354125981,77.5,1.6886990547180165,0.54019014693172,47.89356984478936,625,1200,1825
92,1.7928772354125981,78.0,1.7344632649421694,0.5375972342264477,47.01552106430156,622,1178,1800
92,1.7928772354125981,78.5,1.7916628944873827,0.533275713050994,46.33702882483371,617,1161,1778
92,1.7928772354125981,79.0,1.8576587069034574,0.5272255834053586,45.73835920177384,610,1146,1756
92,1.7928772354125981,79.5,1.9154004043340684,0.5254969749351772,45.019955654102,608,1128,1736
92,1.7928772354125981,80.0,1.9741851329803468,0.5220397579948142,44.26164079822617,604,1109,1713
92,1.7928772354125981,80.5,2.036969654560089,0.5229040622299049,43.742793791574286,605,1096,1701
92,1.7928772354125981,81.0,2.102254722118378,0.5185825410544511,43.064301552106436,600,1079,1679
92,1.7928772354125981,81.5,2.175994237661361,0.5142610198789974,42.106430155210646,595,1055,1650
92,1.7928772354125981,82.0,2.248897409439087,0.5116681071737251,41.308203991130824,592,1035,1627
92,1.7928772354125981,82.5,2.3326381504535667,0.5116681071737251,40.310421286031044,592,1010,1602
92,1.7928772354125981,83.0,2.425430073738098,0.5082108902333622,39.75166297117517,588,996,1584
92,1.7928772354125981,83.5,2.5196004760265356,0.5073465859982714,38.95343680709534,587,976,1563
92,1.7928772354125981,84.0,2.6304725933074953,0.5056179775280899,38.23503325942351,585,958,1543
92,1.7928772354125981,84.5,2.7276616275310506,0.5038893690579084,37.39689578713969,583,937,1520
92,1.7928772354125981,85.0,2.8380211830139164,0.5012964563526361,36.71840354767184,580,920,1500
92,1.7928772354125981,85.5,2.955703905820846,0.4961106309420916,36.07982261640799,574,904,1478
92,1.7928772354125981,86.0,3.081022396087646,0.49351771823681934,35.24168514412417,571,883,1454
92,1.7928772354125981,86.5,3.2219283390045166,0.49265341400172863,34.80266075388027,570,872,1442
92,1.7928772354125981,87.0,3.3582502841949444,0.49006050129645634,33.72505543237251,567,845,1412
92,1.7928772354125981,87.5,3.52468004822731,0.4840103716508211,32.807095343680714,560,822,1382
92,1.7928772354125981,88.0,3.7051178741455093,0.47536732929991354,32.407982261640804,550,812,1362
92,1.7928772354125981,88.5,3.874412554502486,0.46153846153846156,31.849223946784925,534,798,1332
92,1.7928772354125981,89.0,4.0701590919494635,0.44770959377700953,31.410199556541023,518,787,1305
92,1.7928772354125981,89.5,4.255578207969666,0.44684528954191877,31.050997782705103,517,778,1295
92,1.7928772354125981,90.0,4.457726860046381,0.43042350907519444,30.6119733924612,498,767,1265
92,1.7928772354125981,90.5,4.675087914466858,0.41659464131374246,30.252771618625278,482,758,1240
92,1.7928772354125981,91.0,4.933004894256597,0.40363007778738114,29.733924611973396,467,745,1212
92,1.7928772354125981,91.5,5.220453071594238,0.39066551426101986,28.93569844789357,452,725,1177
92,1.7928772354125981,92.0,5.517267513275148,0.3794295592048401,28.337028824833705,439,710,1149
92,1.7928772354125981,92.5,5.841959142684942,0.36387208297320656,27.77827050997783,421,696,1117
92,1.7928772354125981,93.0,6.205128560066222,0.34917891097666376,27.299334811529935,404,684,1088
92,1.7928772354125981,93.5,6.654482979774491,0.33707865168539325,26.620842572062088,390,667,1057
92,1.7928772354125981,94.0,7.212375669479336,0.3267070008643042,26.141906873614193,378,655,1033
92,1.7928772354125981,94.5,7.794489538669587,0.3197925669835782,25.543237250554327,370,640,1010
92,1.7928772354125981,95.0,8.410855770111041,0.3059636992221262,24.98447893569845,354,626,980
92,1.7928772354125981,95.5,9.304570846557606,0.2895419187554019,24.66518847006652,335,618,953
92,1.7928772354125981,96.0,10.050942497253422,0.27744165946413135,24.226164079822617,321,607,928
92,1.7928772354125981,96.5,10.904608006477345,0.2601555747623163,23.747228381374725,301,595,896
92,1.7928772354125981,97.0,11.678171405792227,0.23595505617977527,23.108647450110865,273,579,852
92,1.7928772354125981,97.5,12.63719093799591,0.20397579948141745,22.58980044345898,236,566,802
92,1.7928772354125981,98.0,13.963846740722648,0.1797752808988764,22.031042128603104,208,552,760
92,1.7928772354125981,98.5,16.57019313812255,0.15730337078651685,21.552106430155213,182,540,722
92,1.7928772354125981,99.0,20.60003761291506,0.12359550561797752,20.953436807095347,143,525,668
92,1.7928772354125981,99.5,28.334656648635683,0.0898876404494382,20.554323725055433,104,515,619
90,1.6598509430885315,50.0,0.09077733382582664,0.5211754537597234,71.44124168514413,603,1790,2393
90,1.6598509430885315,50.5,0.11212093323469155,0.5211754537597234,71.40133037694014,603,1789,2392
90,1.6598509430885315,51.0,0.13464516386389755,0.5229040622299049,71.44124168514413,605,1790,2395
90,1.6598509430885315,51.5,0.15403672441840174,0.5246326707000865,71.1219512195122,607,1782,2389
90,1.6598509430885315,52.0,0.17796872973442074,0.526361279170268,71.20177383592018,609,1784,2393
90,1.6598509430885315,52.5,0.19627721086144476,0.5306828003457217,71.1219512195122,614,1782,2396
90,1.6598509430885315,53.0,0.22048529401421563,0.5350043215211755,71.00221729490023,619,1779,2398
90,1.6598509430885315,53.5,0.24122495941817762,0.5375972342264477,71.1618625277162,622,1783,2405
90,1.6598509430885315,54.0,0.2610533964633942,0.5375972342264477,71.40133037694014,622,1789,2411
90,1.6598509430885315,54.5,0.28204435005784095,0.5410544511668107,71.1219512195122,626,1782,2408
90,1.6598509430885315,55.0,0.30234529823064815,0.5427830596369922,71.04212860310422,628,1780,2408
90,1.6598509430885315,55.5,0.32569405794143685,0.5445116681071738,70.96230598669624,630,1778,2408
90,1.6598509430885315,56.0,0.3478954076766968,0.5453759723422644,70.84257206208426,631,1775,2406
90,1.6598509430885315,56.5,0.3691490027308463,0.5479688850475367,70.60310421286032,634,1769,2403
90,1.6598509430885315,57.0,0.3913524010777473,0.550561797752809,70.52328159645234,637,1767,2404
90,1.6598509430885315,57.5,0.41571238785982123,0.5496974935177182,70.60310421286032,636,1769,2405
90,1.6598509430885315,58.0,0.4399468266963957,0.5514261019878998,70.56319290465632,638,1768,2406
90,1.6598509430885315,58.5,0.46726177960634213,0.5531547104580813,70.44345898004435,640,1765,2405
90,1.6598509430885315,59.0,0.49008097410202023,0.5531547104580813,69.84478935698448,640,1750,2390
90,1.6598509430885315,59.5,0.5134383669495581,0.557476231633535,69.3658536585366,645,1738,2383
90,1.6598509430885315,60.0,0.536166477203369,0.5583405358686258,69.24611973392462,646,1735,2381
90,1.6598509430885315,60.5,0.5595470631122589,0.5592048401037165,69.48558758314856,647,1741,2388
90,1.6598509430885315,61.0,0.5817095768451691,0.560933448573898,69.72505543237251,649,1747,2396
90,1.6598509430885315,61.5,0.6042246025800704,0.560933448573898,69.28603104212861,649,1736,2385
90,1.6598509430885315,62.0,0.6289117872714997,0.560933448573898,69.16629711751663,649,1733,2382
90,1.6598509430885315,62.5,0.6533820331096649,0.5617977528089888,68.64745011086475,650,1720,2370
90,1.6598509430885315,63.0,0.6831670719385142,0.5600691443388073,68.48780487804879,648,1716,2364
90,1.6598509430885315,63.5,0.7098419928550724,0.5617977528089888,68.08869179600887,650,1706,2356
90,1.6598509430885315,64.0,0.7381514167785644,0.5617977528089888,67.92904656319291,650,1702,2352
90,1.6598509430885315,64.5,0.764243181347847,0.5600691443388073,67.37028824833703,648,1688,2336
90,1.6598509430885315,65.0,0.7910401135683061,0.5617977528089888,67.0909090909091,650,1681,2331
90,1.6598509430885315,65.5,0.8190016227960588,0.5617977528089888,66.69179600886919,650,1671,2321
90,1.6598509430885315,66.0,0.8498276674747467,0.5617977528089888,66.1729490022173,650,1658,2308
90,1.6598509430885315,66.5,0.878896164894104,0.564390665514261,65.69401330376941,653,1646,2299
90,1.6598509430885315,67.0,0.9106361728906633,0.5617977528089888,65.33481152993349,650,1637,2287
90,1.6598509430885315,67.5,0.9385085552930833,0.5626620570440796,65.01552106430155,651,1629,2280
90,1.6598509430885315,68.0,0.9666943550109866,0.5687121866897148,64.45676274944569,658,1615,2273
90,1.6598509430885315,68.5,0.9929769545793534,0.5695764909248056,63.89800443458981,659,1601,2260
90,1.6598509430885315,69.0,1.0231032216548914,0.5704407951598963,63.17960088691797,660,1583,2243
90,1.6598509430885315,69.5,1.0563565552234644,0.567847882454624,62.34146341463415,657,1562,2219
90,1.6598509430885315,70.0,1.0908433079719542,0.567847882454624,61.98226164079823,657,1553,2210
90,1.6598509430885315,70.5,1.1248327416181563,0.5669835782195333,61.383592017738366,656,1538,2194
90,1.6598509430885315,71.0,1.1584407019615157,0.567847882454624,60.86474501108648,657,1525,2182
90,1.6598509430885315,71.5,1.1988615226745605,0.5687121866897148,60.066518847006655,658,1505,2163
90,1.6598509430885315,72.0,1.23315447807312,0.5695764909248056,59.388026607538805,659,1488,2147
90,1.6598509430885315,72.5,1.2662764459848403,0.5704407951598963,58.47006651884701,660,1465,2125
90,1.6598509430885315,73.0,1.3011794543266295,0.5695764909248056,58.19068736141907,659,1458,2117
90,1.6598509430885315,73.5,1.3419092965126038,0.5652549697493517,57.27272727272728,654,1435,2089
90,1.6598509430885315,74.0,1.37932553768158,0.5617977528089888,56.55432372505544,650,1417,2067
90,1.6598509430885315,74.5,1.4226888734102243,0.5600691443388073,55.63636363636364,648,1394,2042
90,1.6598509430885315,75.0,1.4639769792556763,0.5566119273984442,55.15742793791575,644,1382,2026
90,1.6598509430885315,75.5,1.5006821799278272,0.5548833189282627,54.31929046563193,642,1361,2003
90,1.6598509430885315,76.0,1.5416811180114744,0.5522904062229905,53.5609756097561,639,1342,1981
90,1.6598509430885315,76.5,1.590722234249115,0.5522904062229905,52.80266075388027,639,1323,1962
90,1.6598509430885315,77.0,1.6407452356815342,0.5514261019878998,51.7649667405765,638,1297,1935
90,1.6598509430885315,77.5,1.6886990547180165,0.5479688850475367,51.166297117516635,634,1282,1916
90,1.6598509430885315,78.0,1.7344632649421694,0.5453759723422644,50.36807095343681,631,1262,1893
90,1.6598509430885315,78.5,1.7916628944873827,0.5410544511668107,49.68957871396896,626,1245,1871
90,1.6598509430885315,79.0,1.8576587069034574,0.5350043215211755,49.170731707317074,619,1232,1851
90,1.6598509430885315,79.5,1.9154004043340684,0.533275713050994,48.45232815964523,617,1214,1831
90,1.6598509430885315,80.0,1.9741851329803468,0.5306828003457217,47.61419068736142,614,1193,1807
90,1.6598509430885315,80.5,2.036969654560089,0.5315471045808124,47.09534368070954,615,1180,1795
90,1.6598509430885315,81.0,2.102254722118378,0.5280898876404494,46.3769401330377,611,1162,1773
90,1.6598509430885315,81.5,2.175994237661361,0.5246326707000865,45.37915742793792,607,1137,1744
90,1.6598509430885315,82.0,2.248897409439087,0.5220397579948142,44.5809312638581,604,1117,1721
90,1.6598509430885315,82.5,2.3326381504535667,0.5220397579948142,43.58314855875832,604,1092,1696
90,1.6598509430885315,83.0,2.425430073738098,0.5185825410544511,43.024390243902445,600,1078,1678
90,1.6598509430885315,83.5,2.5196004760265356,0.5177182368193605,42.22616407982262,599,1058,1657
90,1.6598509430885315,84.0,2.6304725933074953,0.5159896283491789,41.507760532150776,597,1040,1637
90,1.6598509430885315,84.5,2.7276616275310506,0.5142610198789974,40.669623059866964,595,1019,1614
90,1.6598509430885315,85.0,2.8380211830139164,0.5116681071737251,39.991130820399114,592,1002,1594
90,1.6598509430885315,85.5,2.955703905820846,0.5064822817631807,39.43237250554324,586,988,1574
90,1.6598509430885315,86.0,3.081022396087646,0.5038893690579084,38.63414634146342,583,968,1551
90,1.6598509430885315,86.5,3.2219283390045166,0.5030250648228176,38.19512195121951,582,957,1539
90,1.6598509430885315,87.0,3.3582502841949444,0.5004321521175453,37.15742793791575,579,931,1510
90,1.6598509430885315,87.5,3.52468004822731,0.4943820224719101,36.23946784922395,572,908,1480
90,1.6598509430885315,88.0,3.7051178741455093,0.4857389801210026,35.84035476718404,562,898,1460
90,1.6598509430885315,88.5,3.874412554502486,0.47191011235955055,35.28159645232816,546,884,1430
90,1.6598509430885315,89.0,4.0701590919494635,0.4580812445980985,34.84257206208426,530,873,1403
90,1.6598509430885315,89.5,4.255578207969666,0.45721694036300775,34.48337028824834,529,864,1393
90,1.6598509430885315,90.0,4.457726860046381,0.4407951598962835,34.04434589800444,510,853,1363
90,1.6598509430885315,90.5,4.675087914466858,0.42696629213483145,33.68514412416852,494,844,1338
90,1.6598509430885315,91.0,4.933004894256597,0.41486603284356094,33.126385809312644,480,830,1310
90,1.6598509430885315,91.5,5.220453071594238,0.40190146931719967,32.328159645232816,465,810,1275
90,1.6598509430885315,92.0,5.517267513275148,0.3923941227312014,31.64966740576497,454,793,1247
90,1.6598509430885315,92.5,5.841959142684942,0.37683664649956783,31.090909090909093,436,779,1215
90,1.6598509430885315,93.0,6.205128560066222,0.3612791702679343,30.651884700665192,418,768,1186
90,1.6598509430885315,93.5,6.654482979774491,0.34917891097666376,30.013303769401332,404,752,1156
90,1.6598509430885315,94.0,7.212375669479336,0.3388072601555748,29.57427937915743,392,741,1133
90,1.6598509430885315,94.5,7.794489538669587,0.33189282627484873,28.975609756097562,384,726,1110
90,1.6598509430885315,95.0,8.410855770111041,0.3180639585133967,28.416851441241686,368,712,1080
90,1.6598509430885315,95.5,9.304570846557606,0.3016421780466724,28.09756097560976,349,704,1053
90,1.6598509430885315,96.0,10.050942497253422,0.2895419187554019,27.658536585365855,335,693,1028
90,1.6598509430885315,96.5,10.904608006477345,0.2713915298184961,27.219512195121954,314,682,996
90,1.6598509430885315,97.0,11.678171405792227,0.24719101123595505,26.620842572062088,286,667,953
90,1.6598509430885315,97.5,12.63719093799591,0.21521175453759722,26.101995565410203,249,654,903
90,1.6598509430885315,98.0,13.963846740722648,0.19101123595505617,25.543237250554327,221,640,861
90,1.6598509430885315,98.5,16.57019313812255,0.1694036300777874,25.02439024390244,196,627,823
90,1.6598509430885315,99.0,20.60003761291506,0.13569576490924806,24.425720620842576,157,612,769
90,1.6598509430885315,99.5,28.334656648635683,0.10198789974070872,24.02660753880266,118,602,720
