species,N_days,seed,auc_mean,auc_std,n_folds_used,n_pos_days_total,n_days_used_median
Minke whale,1,0,0.8769137293810613,0.12031998053760379,4,8,1
Minke whale,1,1,0.936693598729486,0.05584377766291723,4,8,1
Minke whale,1,2,0.9307642618539618,0.0429992585936224,4,8,1
Minke whale,1,3,0.8543968566848841,0.10756945856018538,4,8,1
Minke whale,1,4,0.8174938309082217,0.0845658971261327,4,8,1
Minke whale,1,5,0.9683115712322471,0.014939335060706877,4,8,1
Minke whale,1,6,0.9181534857333887,0.04762223565190086,4,8,1
Minke whale,1,7,0.9491493947892704,0.05012192603326697,4,8,1
Minke whale,1,8,0.9380047277403878,0.048341154450942975,4,8,1
Minke whale,1,9,0.8607974968586527,0.05275856422372945,4,8,1
Minke whale,2,0,0.9294935725729127,0.05790903484515765,4,8,2
Minke whale,2,1,0.9483252102133902,0.017995339715707957,4,8,2
Minke whale,2,2,0.9385728971768017,0.04944771880342586,4,8,2
Minke whale,2,3,0.9422257739016849,0.037377090330678556,4,8,2
Minke whale,2,4,0.8682409600291979,0.1550444744172033,4,8,2
Minke whale,2,5,0.9244618457224144,0.07357347142162303,4,8,2
Minke whale,2,6,0.95793936411989,0.03640695913004746,4,8,2
Minke whale,2,7,0.9600700662822148,0.02613616379381142,4,8,2
Minke whale,2,8,0.9714975090627602,0.020107892556235234,4,8,2
Minke whale,2,9,0.9491927589024669,0.051504967688340654,4,8,2
Minke whale,4,0,0.9464793719397366,0.04708061296684799,4,8,4
Minke whale,4,1,0.9684665470104865,0.03387295353821244,4,8,4
Minke whale,4,2,0.95773943886952,0.03271952044389095,4,8,4
Minke whale,4,3,0.9304726727394288,0.07549386705705217,4,8,4
Minke whale,4,4,0.9508976653773156,0.039290118961490185,4,8,4
Minke whale,4,5,0.9593473877196752,0.030584717568724395,4,8,4
Minke whale,4,6,0.977324312055937,0.019705467587198718,4,8,4
Minke whale,4,7,0.9577498475725568,0.04259584687146023,4,8,4
Minke whale,4,8,0.9473724804446328,0.030051957778063975,4,8,4
Minke whale,4,9,0.9574398220577576,0.012463627640571054,4,8,4
Minke whale,8,0,0.9712608084866061,0.02266277872578249,4,8,6
Minke whale,8,1,0.9712608084866061,0.02266277872578249,4,8,6
Minke whale,8,2,0.9712608084866061,0.02266277872578249,4,8,6
Minke whale,8,3,0.9712608084866061,0.02266277872578249,4,8,6
Minke whale,8,4,0.9712608084866061,0.02266277872578249,4,8,6
Minke whale,8,5,0.9712608084866061,0.02266277872578249,4,8,6
Minke whale,8,6,0.9712608084866061,0.02266277872578249,4,8,6
Minke whale,8,7,0.9712608084866061,0.02266277872578249,4,8,6
Minke whale,8,8,0.9712608084866061,0.02266277872578249,4,8,6
Minke whale,8,9,0.9712608084866061,0.02266277872578249,4,8,6
Minke whale,16,0,0.9712608084866061,0.02266277872578249,4,8,6
Minke whale,16,1,0.9712608084866061,0.02266277872578249,4,8,6
Minke whale,16,2,0.9712608084866061,0.02266277872578249,4,8,6
Minke whale,16,3,0.9712608084866061,0.02266277872578249,4,8,6
Minke whale,16,4,0.9712608084866061,0.02266277872578249,4,8,6
Minke whale,16,5,0.9712608084866061,0.02266277872578249,4,8,6
Minke whale,16,6,0.9712608084866061,0.02266277872578249,4,8,6
Minke whale,16,7,0.9712608084866061,0.02266277872578249,4,8,6
Minke whale,16,8,0.9712608084866061,0.02266277872578249,4,8,6
Minke whale,16,9,0.9712608084866061,0.02266277872578249,4,8,6
Minke whale,all,0,0.9712608084866061,0.02266277872578249,4,8,6
Sperm whale,1,0,0.6912201336161302,0.09086250320502628,4,32,1
Sperm whale,1,1,0.6226183112014458,0.2160068824101939,5,32,1
Sperm whale,1,2,0.4682305484837957,0.057103205926707874,3,32,1
Sperm whale,1,3,0.5482945940073105,0.13728847276188977,5,32,1
Sperm whale,1,4,0.6060679044243554,0.14329795036571988,5,32,1
Sperm whale,1,5,0.6119974803403655,0.14357738026647493,5,32,1
Sperm whale,1,6,0.5938297529630782,0.11399135544343614,5,32,1
Sperm whale,1,7,0.5654264640866135,0.16461530369318578,5,32,1
Sperm whale,1,8,0.5240422214118032,0.13760685431196085,3,32,1
Sperm whale,1,9,0.60482430249581,0.16585497216703518,4,32,1
Sperm whale,2,0,0.49663060471788417,0.0789760781009121,5,32,2
Sperm whale,2,1,0.6094669310026312,0.19499354578161304,5,32,2
Sperm whale,2,2,0.5042639050354067,0.1101275077178172,5,32,2
Sperm whale,2,3,0.5850308105121893,0.10113381806144281,5,32,2
Sperm whale,2,4,0.5658802937311233,0.08181690881356993,5,32,2
Sperm whale,2,5,0.5995216905974461,0.055298323894562504,5,32,2
Sperm whale,2,6,0.6609824557832409,0.15455039550061367,5,32,2
Sperm whale,2,7,0.5542231063135877,0.11203070005503768,5,32,2
Sperm whale,2,8,0.583402260600085,0.12184489509668014,5,32,2
Sperm whale,2,9,0.60404296766419,0.1677291422022806,5,32,2
Sperm whale,4,0,0.7558013979796893,0.10580064613134205,5,32,4
Sperm whale,4,1,0.6203576789618236,0.18059074471742143,5,32,4
Sperm whale,4,2,0.5688572772200036,0.10077669334783941,5,32,4
Sperm whale,4,3,0.7018460399184463,0.08790922375761005,5,32,4
Sperm whale,4,4,0.5664382083657596,0.08805932925868568,5,32,4
Sperm whale,4,5,0.5959383700574914,0.14587849008985002,5,32,4
Sperm whale,4,6,0.6352206301791196,0.17653516310640482,5,32,4
Sperm whale,4,7,0.5834121047301704,0.171781113314481,5,32,4
Sperm whale,4,8,0.44578076670724825,0.2059805963326701,5,32,4
Sperm whale,4,9,0.5268202905312274,0.15849917700650498,5,32,4
Sperm whale,8,0,0.6902304297498206,0.16950805036494437,5,32,8
Sperm whale,8,1,0.5853812352490144,0.08421264925946065,5,32,8
Sperm whale,8,2,0.6265949158804791,0.09823242933918984,5,32,8
Sperm whale,8,3,0.6738837671843021,0.12427263535045338,5,32,8
Sperm whale,8,4,0.5681771524836352,0.08624857037234447,5,32,8
Sperm whale,8,5,0.6954956596454086,0.10655041110327557,5,32,8
Sperm whale,8,6,0.6120801808785062,0.08400530777149283,5,32,8
Sperm whale,8,7,0.6537482513104441,0.12932365019995481,5,32,8
Sperm whale,8,8,0.5581872472214194,0.1163615168681235,5,32,8
Sperm whale,8,9,0.5307283970129097,0.1825521806086071,5,32,8
Sperm whale,16,0,0.5854834883262923,0.18837191781698145,5,32,16
Sperm whale,16,1,0.6751246138555356,0.10279287030800158,5,32,16
Sperm whale,16,2,0.7288230763117033,0.09255735625223167,5,32,16
Sperm whale,16,3,0.6724455289183233,0.09659203653415015,5,32,16
Sperm whale,16,4,0.6952760825297842,0.11442336328768801,5,32,16
Sperm whale,16,5,0.659291858445235,0.15066733042352706,5,32,16
Sperm whale,16,6,0.6974769958083493,0.09437231107800918,5,32,16
Sperm whale,16,7,0.7291403538295145,0.08579964109150674,5,32,16
Sperm whale,16,8,0.7297544654464528,0.14887835990342624,5,32,16
Sperm whale,16,9,0.651964581380269,0.1149933453333432,5,32,16
Sperm whale,all,0,0.7347565284905146,0.1307421774503231,5,32,26
False killer whale,1,0,0.7020539706084049,0.11833753105617065,5,13,1
False killer whale,1,1,0.7951987979769738,0.16135471805003263,5,13,1
False killer whale,1,2,0.8332795063224786,0.09456840734307641,4,13,1
False killer whale,1,3,0.8346569091536381,0.10342696045611002,3,13,1
False killer whale,1,4,0.6840347508739764,0.14411289337722377,5,13,1
False killer whale,1,5,0.6791108243840458,0.20275752688027845,5,13,1
False killer whale,1,6,0.757308374878281,0.11423271406722811,5,13,1
False killer whale,1,7,0.7132132864410826,0.1681380182688956,5,13,1
False killer whale,1,8,0.7435505167327332,0.2003497996974898,4,13,1
False killer whale,1,9,0.7382683882856876,0.09141658874147666,4,13,1
False killer whale,2,0,0.7264647015849717,0.15710820506447223,5,13,2
False killer whale,2,1,0.7552307409356513,0.1506425463027895,5,13,2
False killer whale,2,2,0.6712358590858505,0.16604989989650687,5,13,2
False killer whale,2,3,0.6455494780841646,0.2025078695523114,5,13,2
False killer whale,2,4,0.7277037224571801,0.0677383316686836,5,13,2
False killer whale,2,5,0.7980167333541471,0.1043574576753507,5,13,2
False killer whale,2,6,0.8814699617216604,0.08714622312584962,5,13,2
False killer whale,2,7,0.73402464379877,0.17274610498770265,5,13,2
False killer whale,2,8,0.7993248149286597,0.11785169977800652,5,13,2
False killer whale,2,9,0.7955634055739975,0.12373949660117621,5,13,2
False killer whale,4,0,0.8183688215384409,0.05296778821169658,5,13,4
False killer whale,4,1,0.7556925526944168,0.2195908930476915,5,13,4
False killer whale,4,2,0.839309858809323,0.07714698759505102,5,13,4
False killer whale,4,3,0.8038414392984332,0.13172066513758382,5,13,4
False killer whale,4,4,0.8573270819244897,0.1145810636326714,5,13,4
False killer whale,4,5,0.8153628493768694,0.06532189966547557,5,13,4
False killer whale,4,6,0.8664038219386268,0.11215930443426869,5,13,4
False killer whale,4,7,0.8374861680108466,0.09093101748846158,5,13,4
False killer whale,4,8,0.8062100213547634,0.1439995790712058,5,13,4
False killer whale,4,9,0.7404141869802892,0.1318518830507613,5,13,4
False killer whale,8,0,0.9005532017487587,0.04097314316860379,5,13,8
False killer whale,8,1,0.874458767389101,0.12253405976599162,5,13,8
False killer whale,8,2,0.8606180195265971,0.07543946662519002,5,13,8
False killer whale,8,3,0.8771041348570258,0.12567295109042234,5,13,8
False killer whale,8,4,0.89517450823611,0.10400038110586228,5,13,8
False killer whale,8,5,0.9154264859960805,0.0426119469610036,5,13,8
False killer whale,8,6,0.8882036715286802,0.1032855542625212,5,13,8
False killer whale,8,7,0.8142994032388687,0.16104553746492645,5,13,8
False killer whale,8,8,0.9176758769979225,0.04691825399557739,5,13,8
False killer whale,8,9,0.9014309751035713,0.10662326359024098,5,13,8
False killer whale,16,0,0.8939506124701199,0.11871444787068595,5,13,11
False killer whale,16,1,0.8939506124701199,0.11871444787068595,5,13,11
False killer whale,16,2,0.8939506124701199,0.11871444787068595,5,13,11
False killer whale,16,3,0.8939506124701199,0.11871444787068595,5,13,11
False killer whale,16,4,0.8939506124701199,0.11871444787068595,5,13,11
False killer whale,16,5,0.8939506124701199,0.11871444787068595,5,13,11
False killer whale,16,6,0.8939506124701199,0.11871444787068595,5,13,11
False killer whale,16,7,0.8939506124701199,0.11871444787068595,5,13,11
False killer whale,16,8,0.8939506124701199,0.11871444787068595,5,13,11
False killer whale,16,9,0.8939506124701199,0.11871444787068595,5,13,11
False killer whale,all,0,0.8939506124701199,0.11871444787068595,5,13,11
Short-finned pilot whale,1,0,0.62230397548553,0.17888028411712387,5,11,1
Short-finned pilot whale,1,1,0.5683732127428327,0.1929806034163187,4,11,1
Short-finned pilot whale,1,2,0.620167444981039,0.18303303437604998,5,11,1
Short-finned pilot whale,1,3,0.6266223170092049,0.22666880524189437,4,11,1
Short-finned pilot whale,1,4,0.6848312816636823,0.03978920301034885,5,11,1
Short-finned pilot whale,1,5,0.6827507112013513,0.09882371370120603,5,11,1
Short-finned pilot whale,1,6,0.6785486605094849,0.07925733657235305,5,11,1
Short-finned pilot whale,1,7,0.5432628354732688,0.12619473979365387,5,11,1
Short-finned pilot whale,1,8,0.6058625612868384,0.16370452586711542,5,11,1
Short-finned pilot whale,1,9,0.6265116407043313,0.17377866455970076,4,11,1
Short-finned pilot whale,2,0,0.7417551000518094,0.1259374888099712,5,11,2
Short-finned pilot whale,2,1,0.7397064588985861,0.060638468951533714,5,11,2
Short-finned pilot whale,2,2,0.7068779358289341,0.06394282781173218,5,11,2
Short-finned pilot whale,2,3,0.5537324139854138,0.11066614128056544,5,11,2
Short-finned pilot whale,2,4,0.6245521979355739,0.0800610851130117,5,11,2
Short-finned pilot whale,2,5,0.6389982824300682,0.15842432412117807,5,11,2
Short-finned pilot whale,2,6,0.7179004243286308,0.06115754089924245,5,11,2
Short-finned pilot whale,2,7,0.6396823036623243,0.16536309413864717,5,11,2
Short-finned pilot whale,2,8,0.7236109278813763,0.13940239057370304,5,11,2
Short-finned pilot whale,2,9,0.6549814566410088,0.10895593324216113,5,11,2
Short-finned pilot whale,4,0,0.7578381363408353,0.07472817389364468,5,11,4
Short-finned pilot whale,4,1,0.6937254138171802,0.10386125604876989,5,11,4
Short-finned pilot whale,4,2,0.7243860802528104,0.13499950583274123,5,11,4
Short-finned pilot whale,4,3,0.7714297961886724,0.10618896802558789,5,11,4
Short-finned pilot whale,4,4,0.654272684274015,0.12706481201660597,5,11,4
Short-finned pilot whale,4,5,0.7680310365476195,0.03169934293007843,5,11,4
Short-finned pilot whale,4,6,0.7538567803157923,0.10729374742192307,5,11,4
Short-finned pilot whale,4,7,0.7041609730019702,0.10721143440627012,5,11,4
Short-finned pilot whale,4,8,0.6989417478833528,0.0767851742519332,5,11,4
Short-finned pilot whale,4,9,0.7855626092937582,0.07853769643204835,5,11,4
Short-finned pilot whale,8,0,0.8105755860158143,0.07177563959339185,5,11,8
Short-finned pilot whale,8,1,0.7924842650660108,0.07662706409905094,5,11,8
Short-finned pilot whale,8,2,0.8103824402312101,0.07493325363186575,5,11,8
Short-finned pilot whale,8,3,0.836060885636352,0.03952077377699629,5,11,8
Short-finned pilot whale,8,4,0.8053192689356795,0.06959686684965156,5,11,8
Short-finned pilot whale,8,5,0.7742498281255283,0.11555588091549442,5,11,8
Short-finned pilot whale,8,6,0.8246952639361795,0.044032560834548845,5,11,8
Short-finned pilot whale,8,7,0.7829621717447575,0.1202360368476165,5,11,8
Short-finned pilot whale,8,8,0.8003970001656923,0.06643520949003018,5,11,8
Short-finned pilot whale,8,9,0.760428531599594,0.0864949009511571,5,11,8
Short-finned pilot whale,16,0,0.8013345976404438,0.08051534451264111,5,11,9
Short-finned pilot whale,16,1,0.8013345976404438,0.08051534451264111,5,11,9
Short-finned pilot whale,16,2,0.8013345976404438,0.08051534451264111,5,11,9
Short-finned pilot whale,16,3,0.8013345976404438,0.08051534451264111,5,11,9
Short-finned pilot whale,16,4,0.8013345976404438,0.08051534451264111,5,11,9
Short-finned pilot whale,16,5,0.8013345976404438,0.08051534451264111,5,11,9
Short-finned pilot whale,16,6,0.8013345976404438,0.08051534451264111,5,11,9
Short-finned pilot whale,16,7,0.8013345976404438,0.08051534451264111,5,11,9
Short-finned pilot whale,16,8,0.8013345976404438,0.08051534451264111,5,11,9
Short-finned pilot whale,16,9,0.8013345976404438,0.08051534451264111,5,11,9
Short-finned pilot whale,all,0,0.8013345976404438,0.08051534451264111,5,11,9
Rough-toothed dolphin,1,0,0.5471058042778729,0.20783628539523313,4,8,1
Rough-toothed dolphin,1,1,0.737293431681913,0.20758439655142613,4,8,1
Rough-toothed dolphin,1,2,0.47368016771236016,0.21149054089645755,3,8,1
Rough-toothed dolphin,1,3,0.5784464190099354,0.21657681638765053,4,8,1
Rough-toothed dolphin,1,4,0.631405183192441,0.23585565426522154,4,8,1
Rough-toothed dolphin,1,5,0.4248255145843193,0.2538481488782061,4,8,1
Rough-toothed dolphin,1,6,0.6016647480649273,0.23731488096427839,4,8,1
Rough-toothed dolphin,1,7,0.6571261676436811,0.2031266541672404,4,8,1
Rough-toothed dolphin,1,8,0.6940125261031954,0.32804769428194624,3,8,1
Rough-toothed dolphin,1,9,0.6362603224113795,0.23997920413730223,4,8,1
Rough-toothed dolphin,2,0,0.6784135649971069,0.27595670314677667,4,8,2
Rough-toothed dolphin,2,1,0.6235270136369062,0.3219281364471436,4,8,2
Rough-toothed dolphin,2,2,0.6189665450098765,0.1667812813301677,4,8,2
Rough-toothed dolphin,2,3,0.6492578057377596,0.23452516180584665,4,8,2
Rough-toothed dolphin,2,4,0.6495424812841812,0.14425360834296963,4,8,2
Rough-toothed dolphin,2,5,0.5796165769596595,0.2983798980927146,4,8,2
Rough-toothed dolphin,2,6,0.5794650640703871,0.24548351553063225,4,8,2
Rough-toothed dolphin,2,7,0.6537798292256513,0.23206359734584914,4,8,2
Rough-toothed dolphin,2,8,0.4625242970305081,0.25142397599253047,4,8,2
Rough-toothed dolphin,2,9,0.6444808361311425,0.2667066529206057,4,8,2
Rough-toothed dolphin,4,0,0.5533780477326283,0.2386922181611726,4,8,4
Rough-toothed dolphin,4,1,0.6718975440686413,0.3146712926828169,4,8,4
Rough-toothed dolphin,4,2,0.5425860441448794,0.1396920094605834,4,8,4
Rough-toothed dolphin,4,3,0.5259227415142753,0.23734088860319164,4,8,4
Rough-toothed dolphin,4,4,0.661721666095111,0.313534186859849,4,8,4
Rough-toothed dolphin,4,5,0.5962813424141074,0.31656881908620316,4,8,4
Rough-toothed dolphin,4,6,0.6408754203409895,0.2619189808587626,4,8,4
Rough-toothed dolphin,4,7,0.6778739897846555,0.281622309357486,4,8,4
Rough-toothed dolphin,4,8,0.6062956017817791,0.31613959343368586,4,8,4
Rough-toothed dolphin,4,9,0.6464813705607295,0.31900131516946006,4,8,4
Rough-toothed dolphin,8,0,0.6347860396893448,0.30547008417627936,4,8,6
Rough-toothed dolphin,8,1,0.6347860396893448,0.30547008417627936,4,8,6
Rough-toothed dolphin,8,2,0.6347860396893448,0.30547008417627936,4,8,6
Rough-toothed dolphin,8,3,0.6347860396893448,0.30547008417627936,4,8,6
Rough-toothed dolphin,8,4,0.6347860396893448,0.30547008417627936,4,8,6
Rough-toothed dolphin,8,5,0.6347860396893448,0.30547008417627936,4,8,6
Rough-toothed dolphin,8,6,0.6347860396893448,0.30547008417627936,4,8,6
Rough-toothed dolphin,8,7,0.6347860396893448,0.30547008417627936,4,8,6
Rough-toothed dolphin,8,8,0.6347860396893448,0.30547008417627936,4,8,6
Rough-toothed dolphin,8,9,0.6347860396893448,0.30547008417627936,4,8,6
Rough-toothed dolphin,16,0,0.6347860396893448,0.30547008417627936,4,8,6
Rough-toothed dolphin,16,1,0.6347860396893448,0.30547008417627936,4,8,6
Rough-toothed dolphin,16,2,0.6347860396893448,0.30547008417627936,4,8,6
Rough-toothed dolphin,16,3,0.6347860396893448,0.30547008417627936,4,8,6
Rough-toothed dolphin,16,4,0.6347860396893448,0.30547008417627936,4,8,6
Rough-toothed dolphin,16,5,0.6347860396893448,0.30547008417627936,4,8,6
Rough-toothed dolphin,16,6,0.6347860396893448,0.30547008417627936,4,8,6
Rough-toothed dolphin,16,7,0.6347860396893448,0.30547008417627936,4,8,6
Rough-toothed dolphin,16,8,0.6347860396893448,0.30547008417627936,4,8,6
Rough-toothed dolphin,16,9,0.6347860396893448,0.30547008417627936,4,8,6
Rough-toothed dolphin,all,0,0.6347860396893448,0.30547008417627936,4,8,6
Offshore spotted dolphin,1,0,0.6938213220083624,0.26128420589372203,3,11,1
Offshore spotted dolphin,1,1,0.5246693614727284,0.28033299540908085,3,11,1
Offshore spotted dolphin,1,2,0.7850973636750291,0.13258784586036665,3,11,1
Offshore spotted dolphin,1,3,0.8782961571196866,0.017642562348444746,2,11,1
Offshore spotted dolphin,1,4,0.38826240155275865,0.1452156432460688,4,11,1
Offshore spotted dolphin,1,5,0.5088351022905334,0.21098630645765004,4,11,1
Offshore spotted dolphin,1,6,0.5538804230254754,0.23866859658236772,2,11,1
Offshore spotted dolphin,1,7,0.3939201133916064,0.17704095269696551,4,11,1
Offshore spotted dolphin,1,8,0.402305427353681,0.19432556872752946,3,11,1
Offshore spotted dolphin,1,9,0.7542068656191334,0.09823278296947653,4,11,1
Offshore spotted dolphin,2,0,0.5659170484812023,0.023263234603972806,4,11,2
Offshore spotted dolphin,2,1,0.5614820725249126,0.19897951101849753,4,11,2
Offshore spotted dolphin,2,2,0.42923239177052136,0.17981980745275442,4,11,2
Offshore spotted dolphin,2,3,0.5631480297386968,0.17169137898404524,4,11,2
Offshore spotted dolphin,2,4,0.4602732875633128,0.12266423245748284,4,11,2
Offshore spotted dolphin,2,5,0.706789281657905,0.2236035023682201,4,11,2
Offshore spotted dolphin,2,6,0.572634645953604,0.16161475378277973,4,11,2
Offshore spotted dolphin,2,7,0.5175777217362101,0.22646890736631217,4,11,2
Offshore spotted dolphin,2,8,0.5378854766952385,0.12962867907046333,4,11,2
Offshore spotted dolphin,2,9,0.4833011623846226,0.22911824016026786,4,11,2
Offshore spotted dolphin,4,0,0.5579027373393936,0.17171438737716138,4,11,4
Offshore spotted dolphin,4,1,0.527719126603299,0.17049298712272126,4,11,4
Offshore spotted dolphin,4,2,0.6607916523789005,0.09831524712867276,4,11,4
Offshore spotted dolphin,4,3,0.5097509173436454,0.20765244237652988,4,11,4
Offshore spotted dolphin,4,4,0.5937136565066214,0.14344653273898575,4,11,4
Offshore spotted dolphin,4,5,0.495786426117901,0.22917533600919895,4,11,4
Offshore spotted dolphin,4,6,0.4922566904983188,0.23641382603965952,4,11,4
Offshore spotted dolphin,4,7,0.48996418000914177,0.2205590511663426,4,11,4
Offshore spotted dolphin,4,8,0.5728121968620552,0.141340458106678,4,11,4
Offshore spotted dolphin,4,9,0.5716930800130474,0.10028883259203562,4,11,4
Offshore spotted dolphin,8,0,0.477120328299739,0.22881054488496103,4,11,8
Offshore spotted dolphin,8,1,0.5106421522627393,0.19171156678991705,4,11,8
Offshore spotted dolphin,8,2,0.4754763045968918,0.23085239622151035,4,11,8
Offshore spotted dolphin,8,3,0.4786740210299023,0.226896840619888,4,11,8
Offshore spotted dolphin,8,4,0.5030543505572906,0.1992343212984145,4,11,8
Offshore spotted dolphin,8,5,0.5354470373617422,0.17189991069097826,4,11,8
Offshore spotted dolphin,8,6,0.48553014185661136,0.218647674151959,4,11,8
Offshore spotted dolphin,8,7,0.4786740210299023,0.226896840619888,4,11,8
Offshore spotted dolphin,8,8,0.5497644965321424,0.16453556448784543,4,11,8
Offshore spotted dolphin,8,9,0.46731038466626595,0.24123645202783633,4,11,8
Offshore spotted dolphin,16,0,0.48730062892121606,0.2165721996832698,4,11,8
Offshore spotted dolphin,16,1,0.48730062892121606,0.2165721996832698,4,11,8
Offshore spotted dolphin,16,2,0.48730062892121606,0.2165721996832698,4,11,8
Offshore spotted dolphin,16,3,0.48730062892121606,0.2165721996832698,4,11,8
Offshore spotted dolphin,16,4,0.48730062892121606,0.2165721996832698,4,11,8
Offshore spotted dolphin,16,5,0.48730062892121606,0.2165721996832698,4,11,8
Offshore spotted dolphin,16,6,0.48730062892121606,0.2165721996832698,4,11,8
Offshore spotted dolphin,16,7,0.48730062892121606,0.2165721996832698,4,11,8
Offshore spotted dolphin,16,8,0.48730062892121606,0.2165721996832698,4,11,8
Offshore spotted dolphin,16,9,0.48730062892121606,0.2165721996832698,4,11,8
Offshore spotted dolphin,all,0,0.48730062892121606,0.2165721996832698,4,11,8
Striped dolphin,1,0,0.6589189331461377,0.24736582179387742,4,9,1
Striped dolphin,1,1,0.5559284540846613,0.043207426567610965,4,9,1
Striped dolphin,1,2,0.8089726112680854,0.24279323479752135,4,9,1
Striped dolphin,1,3,0.7720020611484281,0.28133614612073404,4,9,1
Striped dolphin,1,4,0.40165840585925383,0.3612813303089504,4,9,1
Striped dolphin,1,5,0.66126276449398,0.325249955454368,4,9,1
Striped dolphin,1,6,0.5796084580293613,0.17877709826495114,4,9,1
Striped dolphin,1,7,0.6180816957019354,0.13343579446391265,4,9,1
Striped dolphin,1,8,0.7290521159268918,0.25008541810883805,4,9,1
Striped dolphin,1,9,0.5115554286564139,0.27478052419634574,4,9,1
Striped dolphin,2,0,0.5875691253813143,0.25944300830459954,4,9,2
Striped dolphin,2,1,0.4474139964497341,0.14742375925946447,4,9,2
Striped dolphin,2,2,0.5995413050120515,0.3722557574242097,4,9,2
Striped dolphin,2,3,0.7109083765634872,0.23918408029151397,4,9,2
Striped dolphin,2,4,0.6256552162990744,0.3620291113786131,4,9,2
Striped dolphin,2,5,0.6183525637236416,0.18569841514524535,4,9,2
Striped dolphin,2,6,0.5408486072001943,0.11994832378022109,4,9,2
Striped dolphin,2,7,0.7646562115064908,0.22707070877481064,4,9,2
Striped dolphin,2,8,0.6420769014071451,0.24005782375808216,4,9,2
Striped dolphin,2,9,0.6434160935332087,0.21020003847281277,4,9,2
Striped dolphin,4,0,0.38239494451251127,0.23538422304298753,4,9,4
Striped dolphin,4,1,0.6417056262662395,0.3197449037072503,4,9,4
Striped dolphin,4,2,0.6903003154099862,0.2348080749380754,4,9,4
Striped dolphin,4,3,0.5645306662029754,0.30476830693821166,4,9,4
Striped dolphin,4,4,0.5480931570846035,0.2062317153118741,4,9,4
Striped dolphin,4,5,0.44877983528496906,0.13744743947613713,4,9,4
Striped dolphin,4,6,0.7289192656433835,0.21820059779389647,4,9,4
Striped dolphin,4,7,0.708012215058269,0.1962072674022262,4,9,4
Striped dolphin,4,8,0.7476284817849614,0.18671625939086497,4,9,4
Striped dolphin,4,9,0.6655142076718218,0.20393854596275587,4,9,4
Striped dolphin,8,0,0.710797316597201,0.22708050809042213,4,9,7
Striped dolphin,8,1,0.710797316597201,0.22708050809042213,4,9,7
Striped dolphin,8,2,0.710797316597201,0.22708050809042213,4,9,7
Striped dolphin,8,3,0.710797316597201,0.22708050809042213,4,9,7
Striped dolphin,8,4,0.710797316597201,0.22708050809042213,4,9,7
Striped dolphin,8,5,0.710797316597201,0.22708050809042213,4,9,7
Striped dolphin,8,6,0.710797316597201,0.22708050809042213,4,9,7
Striped dolphin,8,7,0.710797316597201,0.22708050809042213,4,9,7
Striped dolphin,8,8,0.710797316597201,0.22708050809042213,4,9,7
Striped dolphin,8,9,0.710797316597201,0.22708050809042213,4,9,7
Striped dolphin,16,0,0.710797316597201,0.22708050809042213,4,9,7
Striped dolphin,16,1,0.710797316597201,0.22708050809042213,4,9,7
Striped dolphin,16,2,0.710797316597201,0.22708050809042213,4,9,7
Striped dolphin,16,3,0.710797316597201,0.22708050809042213,4,9,7
Striped dolphin,16,4,0.710797316597201,0.22708050809042213,4,9,7
Striped dolphin,16,5,0.710797316597201,0.22708050809042213,4,9,7
Striped dolphin,16,6,0.710797316597201,0.22708050809042213,4,9,7
Striped dolphin,16,7,0.710797316597201,0.22708050809042213,4,9,7
Striped dolphin,16,8,0.710797316597201,0.22708050809042213,4,9,7
Striped dolphin,16,9,0.710797316597201,0.22708050809042213,4,9,7
Striped dolphin,all,0,0.710797316597201,0.22708050809042213,4,9,7
