evaluator,return,th,hr,enc_name,sname
eval_at,"[0.2627484874675886, 49.9689578713969, 304, 1252]",-0.014800477772951126,25.055555555555554,OceanBEATs_stage2,kNN_z
eval_at,"[0.26534140017286084, 49.9689578713969, 307, 1252]",0.0035734974220395055,25.055555555555554,OceanBEATs_stage2,kNN_z
eval_at,"[0.2610198789974071, 49.929046563192905, 302, 1251]",0.024136356785893494,25.055555555555554,OceanBEATs_stage2,kNN_z
eval_at,"[0.2610198789974071, 50.00886917960089, 302, 1253]",0.042426807805895826,25.055555555555554,OceanBEATs_stage2,kNN_z
eval_at,"[0.2627484874675886, 49.490022172949004, 304, 1240]",0.061849476397037494,25.055555555555554,OceanBEATs_stage2,kNN_z
eval_at,"[0.25929127052722556, 49.21064301552107, 300, 1233]",0.08158699739724419,25.055555555555554,OceanBEATs_stage2,kNN_z
eval_at,"[0.2566983578219533, 48.77161862527716, 297, 1222]",0.09938832052052031,25.055555555555554,OceanBEATs_stage2,kNN_z
eval_at,"[0.2575626620570441, 48.97117516629712, 298, 1227]",0.11659009467810393,25.055555555555554,OceanBEATs_stage2,kNN_z
eval_at,"[0.25237683664649957, 48.93126385809313, 292, 1226]",0.13399135529994965,25.055555555555554,OceanBEATs_stage2,kNN_z
eval_at,"[0.2515125324114088, 48.89135254988914, 291, 1225]",0.1545729923248291,25.055555555555554,OceanBEATs_stage2,kNN_z
eval_at,"[0.2497839239412273, 49.01108647450111, 289, 1228]",0.17164188623428364,25.055555555555554,OceanBEATs_stage2,kNN_z
eval_at,"[0.2445980985306828, 48.97117516629712, 283, 1227]",0.18863095328211812,25.055555555555554,OceanBEATs_stage2,kNN_z
eval_at,"[0.24891961970613655, 49.01108647450111, 288, 1228]",0.20675551235675815,25.055555555555554,OceanBEATs_stage2,kNN_z
eval_at,"[0.25237683664649957, 48.6119733924612, 292, 1218]",0.22719173714518542,25.055555555555554,OceanBEATs_stage2,kNN_z
eval_at,"[0.24891961970613655, 48.49223946784923, 288, 1215]",0.24343547359108916,25.055555555555554,OceanBEATs_stage2,kNN_z
eval_at,"[0.24632670700086431, 48.13303769401331, 285, 1206]",0.2653264388442038,25.055555555555554,OceanBEATs_stage2,kNN_z
eval_at,"[0.24632670700086431, 48.25277161862528, 285, 1209]",0.28563637435436234,25.055555555555554,OceanBEATs_stage2,kNN_z
eval_at,"[0.24632670700086431, 48.29268292682927, 285, 1210]",0.3034631018340586,25.055555555555554,OceanBEATs_stage2,kNN_z
eval_at,"[0.24546240276577355, 48.53215077605322, 284, 1216]",0.3237160727381706,25.055555555555554,OceanBEATs_stage2,kNN_z
eval_at,"[0.2428694900605013, 48.05321507760532, 281, 1204]",0.34200291410088535,25.055555555555554,OceanBEATs_stage2,kNN_z
eval_at,"[0.2411408815903198, 47.97339246119734, 279, 1202]",0.3607645094394682,25.055555555555554,OceanBEATs_stage2,kNN_z
eval_at,"[0.23768366464995677, 47.93348115299335, 275, 1201]",0.3783398370444775,25.055555555555554,OceanBEATs_stage2,kNN_z
eval_at,"[0.2394122731201383, 47.81374722838138, 277, 1198]",0.3971479353308677,25.055555555555554,OceanBEATs_stage2,kNN_z
eval_at,"[0.23768366464995677, 47.57427937915743, 275, 1192]",0.4127681940793991,25.055555555555554,OceanBEATs_stage2,kNN_z
eval_at,"[0.23336214347450301, 47.61419068736142, 270, 1193]",0.4310739278793335,25.055555555555554,OceanBEATs_stage2,kNN_z
eval_at,"[0.23249783923941228, 47.13525498891353, 269, 1181]",0.4497516080737114,25.055555555555554,OceanBEATs_stage2,kNN_z
eval_at,"[0.23076923076923078, 47.05543237250555, 267, 1179]",0.4677661380171776,25.055555555555554,OceanBEATs_stage2,kNN_z
eval_at,"[0.23076923076923078, 47.05543237250555, 267, 1179]",0.4847568225860599,25.055555555555554,OceanBEATs_stage2,kNN_z
eval_at,"[0.23422644770959378, 46.73614190687362, 271, 1171]",0.5023307776451111,25.055555555555554,OceanBEATs_stage2,kNN_z
eval_at,"[0.23249783923941228, 47.01552106430156, 269, 1178]",0.5225663986802102,25.055555555555554,OceanBEATs_stage2,kNN_z
eval_at,"[0.22817631806395852, 46.45676274944568, 264, 1164]",0.540197187662125,25.055555555555554,OceanBEATs_stage2,kNN_z
eval_at,"[0.22558340535868626, 46.05764966740577, 261, 1154]",0.5594321292638779,25.055555555555554,OceanBEATs_stage2,kNN_z
eval_at,"[0.22558340535868626, 45.8980044345898, 261, 1150]",0.5756086421012878,25.055555555555554,OceanBEATs_stage2,kNN_z
eval_at,"[0.22212618841832324, 45.17960088691796, 257, 1132]",0.5949022525548936,25.055555555555554,OceanBEATs_stage2,kNN_z
eval_at,"[0.2143474503025065, 45.17960088691796, 248, 1132]",0.6128875434398652,25.055555555555554,OceanBEATs_stage2,kNN_z
eval_at,"[0.21175453759723423, 45.17960088691796, 245, 1132]",0.6324564203619957,25.055555555555554,OceanBEATs_stage2,kNN_z
eval_at,"[0.212618841832325, 44.82039911308205, 246, 1123]",0.6532648420333866,25.055555555555554,OceanBEATs_stage2,kNN_z
eval_at,"[0.21607605877268798, 44.82039911308205, 250, 1123]",0.671236864924431,25.055555555555554,OceanBEATs_stage2,kNN_z
eval_at,"[0.21002592912705273, 45.09977827050998, 243, 1130]",0.6899209308624266,25.055555555555554,OceanBEATs_stage2,kNN_z
eval_at,"[0.2065687121866897, 44.86031042128604, 239, 1124]",0.7092345306277268,25.055555555555554,OceanBEATs_stage2,kNN_z
eval_at,"[0.2031114952463267, 44.34146341463415, 235, 1111]",0.727772182226181,25.055555555555554,OceanBEATs_stage2,kNN_z
eval_at,"[0.20224719101123595, 43.70288248337029, 234, 1095]",0.7462126290798187,25.055555555555554,OceanBEATs_stage2,kNN_z
eval_at,"[0.1979256698357822, 43.54323725055433, 229, 1091]",0.7620538365840903,25.055555555555554,OceanBEATs_stage2,kNN_z
eval_at,"[0.19533275713050993, 43.26385809312639, 226, 1084]",0.7800593820214271,25.055555555555554,OceanBEATs_stage2,kNN_z
eval_at,"[0.19014693171996544, 42.98447893569845, 220, 1077]",0.7983298993110655,25.055555555555554,OceanBEATs_stage2,kNN_z
eval_at,"[0.18582541054451165, 42.505543237250556, 215, 1065]",0.8182538285851476,25.055555555555554,OceanBEATs_stage2,kNN_z
eval_at,"[0.18496110630942092, 42.345898004434595, 214, 1061]",0.8362089037895198,25.055555555555554,OceanBEATs_stage2,kNN_z
eval_at,"[0.1797752808988764, 42.22616407982262, 208, 1058]",0.855544059574604,25.055555555555554,OceanBEATs_stage2,kNN_z
eval_at,"[0.17718236819360414, 42.026607538802665, 205, 1053]",0.8753635823726656,25.055555555555554,OceanBEATs_stage2,kNN_z
eval_at,"[0.17372515125324114, 41.667405764966745, 201, 1044]",0.8948512893915176,25.055555555555554,OceanBEATs_stage2,kNN_z
eval_at,"[0.1694036300777874, 41.388026607538805, 196, 1037]",0.9154594093561172,25.055555555555554,OceanBEATs_stage2,kNN_z
eval_at,"[0.16681071737251513, 41.18847006651885, 193, 1032]",0.9342918914556507,25.055555555555554,OceanBEATs_stage2,kNN_z
eval_at,"[0.16594641313742436, 40.709534368070955, 192, 1020]",0.9519113135337827,25.055555555555554,OceanBEATs_stage2,kNN_z
eval_at,"[0.16508210890233363, 40.669623059866964, 191, 1019]",0.9680146706104279,25.055555555555554,OceanBEATs_stage2,kNN_z
eval_at,"[0.1616248919619706, 40.54988913525499, 187, 1016]",0.987930873632431,25.055555555555554,OceanBEATs_stage2,kNN_z
eval_at,"[0.15730337078651685, 39.91130820399113, 182, 1000]",1.006355893611908,25.055555555555554,OceanBEATs_stage2,kNN_z
eval_at,"[0.15557476231633535, 39.631929046563194, 180, 993]",1.026059687137604,25.055555555555554,OceanBEATs_stage2,kNN_z
eval_at,"[0.1547104580812446, 39.312638580931264, 179, 985]",1.0445601218938834,25.055555555555554,OceanBEATs_stage2,kNN_z
eval_at,"[0.15384615384615385, 38.95343680709534, 178, 976]",1.0640388536453247,25.055555555555554,OceanBEATs_stage2,kNN_z
eval_at,"[0.14866032843560933, 38.51441241685144, 172, 965]",1.085231002569199,25.055555555555554,OceanBEATs_stage2,kNN_z
eval_at,"[0.14520311149524634, 37.87583148558759, 168, 949]",1.1072537899017343,25.055555555555554,OceanBEATs_stage2,kNN_z
eval_at,"[0.14088159031979255, 37.67627494456763, 163, 944]",1.125588345527649,25.055555555555554,OceanBEATs_stage2,kNN_z
eval_at,"[0.14174589455488332, 37.15742793791575, 164, 931]",1.14764155626297,25.055555555555554,OceanBEATs_stage2,kNN_z
eval_at,"[0.14088159031979255, 36.79822616407983, 163, 922]",1.167318210601806,25.055555555555554,OceanBEATs_stage2,kNN_z
eval_at,"[0.1365600691443388, 35.84035476718404, 158, 898]",1.1852785301208497,25.055555555555554,OceanBEATs_stage2,kNN_z
eval_at,"[0.13223854796888504, 35.5609756097561, 153, 891]",1.2033008009195325,25.055555555555554,OceanBEATs_stage2,kNN_z
eval_at,"[0.13050993949870354, 35.00221729490023, 151, 877]",1.22266432762146,25.055555555555554,OceanBEATs_stage2,kNN_z
eval_at,"[0.12618841832324978, 34.2039911308204, 146, 857]",1.242559587955475,25.055555555555554,OceanBEATs_stage2,kNN_z
eval_at,"[0.12273120138288678, 33.40576496674058, 142, 837]",1.2611378240585325,25.055555555555554,OceanBEATs_stage2,kNN_z
eval_at,"[0.11927398444252377, 32.607538802660756, 138, 817]",1.2845074117183684,25.055555555555554,OceanBEATs_stage2,kNN_z
eval_at,"[0.11668107173725151, 32.04878048780488, 135, 803]",1.3071175873279572,25.055555555555554,OceanBEATs_stage2,kNN_z
eval_at,"[0.11495246326707001, 31.529933481152995, 133, 790]",1.3265867060422898,25.055555555555554,OceanBEATs_stage2,kNN_z
eval_at,"[0.1132238547968885, 30.731707317073173, 131, 770]",1.3496145033836364,25.055555555555554,OceanBEATs_stage2,kNN_z
eval_at,"[0.10717372515125324, 30.252771618625278, 124, 758]",1.372912537455559,25.055555555555554,OceanBEATs_stage2,kNN_z
eval_at,"[0.10717372515125324, 29.534368070953438, 124, 740]",1.3957611131668088,25.055555555555554,OceanBEATs_stage2,kNN_z
eval_at,"[0.10371650821089023, 28.85587583148559, 120, 723]",1.4170318394899368,25.055555555555554,OceanBEATs_stage2,kNN_z
eval_at,"[0.09939498703543648, 28.13747228381375, 115, 705]",1.4416599798202516,25.055555555555554,OceanBEATs_stage2,kNN_z
eval_at,"[0.09507346585998272, 27.37915742793792, 110, 686]",1.4647979319095608,25.055555555555554,OceanBEATs_stage2,kNN_z
eval_at,"[0.09075194468452895, 26.541019955654104, 105, 665]",1.4891051375865938,25.055555555555554,OceanBEATs_stage2,kNN_z
eval_at,"[0.0881590319792567, 25.623059866962308, 102, 642]",1.5166336762905126,25.055555555555554,OceanBEATs_stage2,kNN_z
eval_at,"[0.08383751080380294, 25.02439024390244, 97, 627]",1.5443015575408936,25.055555555555554,OceanBEATs_stage2,kNN_z
eval_at,"[0.08124459809853068, 23.866962305986696, 94, 598]",1.5715601933002472,25.055555555555554,OceanBEATs_stage2,kNN_z
eval_at,"[0.08038029386343994, 22.669623059866964, 93, 568]",1.5987814033031484,25.055555555555554,OceanBEATs_stage2,kNN_z
eval_at,"[0.07087294727744166, 21.871396895787143, 82, 548]",1.6267543953657149,25.055555555555554,OceanBEATs_stage2,kNN_z
eval_at,"[0.0665514261019879, 20.913525498891353, 77, 524]",1.657645335197449,25.055555555555554,OceanBEATs_stage2,kNN_z
eval_at,"[0.06568712186689715, 19.7960088691796, 76, 496]",1.6947090387344377,25.055555555555554,OceanBEATs_stage2,kNN_z
eval_at,"[0.059636992221261884, 18.67849223946785, 69, 468]",1.7273184442520142,25.055555555555554,OceanBEATs_stage2,kNN_z
eval_at,"[0.05790838375108038, 17.52106430155211, 67, 439]",1.76501614689827,25.055555555555554,OceanBEATs_stage2,kNN_z
eval_at,"[0.05445116681071737, 16.124168514412418, 63, 404]",1.8097568917274471,25.055555555555554,OceanBEATs_stage2,kNN_z
eval_at,"[0.05099394987035436, 14.966740576496676, 59, 375]",1.85385051548481,25.055555555555554,OceanBEATs_stage2,kNN_z
eval_at,"[0.046672428694900604, 14.328159645232818, 54, 359]",1.9058559060096731,25.055555555555554,OceanBEATs_stage2,kNN_z
eval_at,"[0.043215211754537596, 12.931263858093127, 50, 324]",1.9553274857997887,25.055555555555554,OceanBEATs_stage2,kNN_z
eval_at,"[0.03889369057908384, 11.773835920177385, 45, 295]",2.018137950897217,25.055555555555554,OceanBEATs_stage2,kNN_z
eval_at,"[0.03457216940363008, 10.616407982261642, 40, 266]",2.0840449726581562,25.055555555555554,OceanBEATs_stage2,kNN_z
eval_at,"[0.029386343993085567, 9.219512195121952, 34, 231]",2.15911110162735,25.055555555555554,OceanBEATs_stage2,kNN_z
eval_at,"[0.02592912705272256, 7.902439024390245, 30, 198]",2.2508275032043463,25.055555555555554,OceanBEATs_stage2,kNN_z
eval_at,"[0.01901469317199654, 6.625277161862528, 22, 166]",2.360236463546753,25.055555555555554,OceanBEATs_stage2,kNN_z
eval_at,"[0.014693171996542784, 5.188470066518847, 17, 130]",2.4730067503452298,25.055555555555554,OceanBEATs_stage2,kNN_z
eval_at,"[0.00950734658599827, 3.3525498891352554, 11, 84]",2.6292579317092906,25.055555555555554,OceanBEATs_stage2,kNN_z
eval_at,"[0.00432152117545376, 1.6363636363636365, 5, 41]",2.9557348942756616,25.055555555555554,OceanBEATs_stage2,kNN_z
eval_at,"[0.27052722558340536, 49.72949002217295, 313, 1246]",-0.014555595815181732,25.055555555555554,OceanBEATs_stage2,Mahalanobis_z
eval_at,"[0.2696629213483146, 49.569844789356985, 312, 1242]",0.00363043167628347,25.055555555555554,OceanBEATs_stage2,Mahalanobis_z
eval_at,"[0.26793431287813313, 49.809312638580934, 310, 1248]",0.023044904917478567,25.055555555555554,OceanBEATs_stage2,Mahalanobis_z
eval_at,"[0.26534140017286084, 49.9689578713969, 307, 1252]",0.04026567913591863,25.055555555555554,OceanBEATs_stage2,Mahalanobis_z
eval_at,"[0.2636127917026793, 49.889135254988915, 305, 1250]",0.05887671232223507,25.055555555555554,OceanBEATs_stage2,Mahalanobis_z
eval_at,"[0.26188418323249785, 50.04878048780488, 303, 1254]",0.07777025420218707,25.055555555555554,OceanBEATs_stage2,Mahalanobis_z
eval_at,"[0.26188418323249785, 49.9689578713969, 303, 1252]",0.09884146958589561,25.055555555555554,OceanBEATs_stage2,Mahalanobis_z
eval_at,"[0.2601555747623163, 49.769401330376944, 301, 1247]",0.11833454534411433,25.055555555555554,OceanBEATs_stage2,Mahalanobis_z
eval_at,"[0.2575626620570441, 49.68957871396896, 298, 1245]",0.1383761477470401,25.055555555555554,OceanBEATs_stage2,Mahalanobis_z
eval_at,"[0.2575626620570441, 49.60975609756098, 298, 1243]",0.15684237420558939,25.055555555555554,OceanBEATs_stage2,Mahalanobis_z
eval_at,"[0.2566983578219533, 49.529933481152995, 297, 1241]",0.17585089653730399,25.055555555555554,OceanBEATs_stage2,Mahalanobis_z
eval_at,"[0.25583405358686256, 49.21064301552107, 296, 1233]",0.19457050569355505,25.055555555555554,OceanBEATs_stage2,Mahalanobis_z
eval_at,"[0.25583405358686256, 48.85144124168515, 296, 1224]",0.21466437935829175,25.055555555555554,OceanBEATs_stage2,Mahalanobis_z
eval_at,"[0.25237683664649957, 48.69179600886918, 292, 1220]",0.234482348114252,25.055555555555554,OceanBEATs_stage2,Mahalanobis_z
eval_at,"[0.2541054451166811, 48.29268292682927, 294, 1210]",0.25286431729793546,25.055555555555554,OceanBEATs_stage2,Mahalanobis_z
eval_at,"[0.2497839239412273, 48.21286031042129, 289, 1208]",0.27136698141694066,25.055555555555554,OceanBEATs_stage2,Mahalanobis_z
eval_at,"[0.2428694900605013, 48.41241685144124, 281, 1213]",0.2897270745038982,25.055555555555554,OceanBEATs_stage2,Mahalanobis_z
eval_at,"[0.24546240276577355, 48.09312638580931, 284, 1205]",0.31142912834882724,25.055555555555554,OceanBEATs_stage2,Mahalanobis_z
eval_at,"[0.2445980985306828, 48.25277161862528, 283, 1209]",0.3310591125488281,25.055555555555554,OceanBEATs_stage2,Mahalanobis_z
eval_at,"[0.2445980985306828, 48.1729490022173, 283, 1207]",0.35028714418411255,25.055555555555554,OceanBEATs_stage2,Mahalanobis_z
eval_at,"[0.24027657735522903, 48.25277161862528, 278, 1209]",0.36902393698692304,25.055555555555554,OceanBEATs_stage2,Mahalanobis_z
eval_at,"[0.23681936041486604, 48.1729490022173, 274, 1207]",0.3870923165977001,25.055555555555554,OceanBEATs_stage2,Mahalanobis_z
eval_at,"[0.2411408815903198, 47.97339246119734, 279, 1202]",0.40674156457185745,25.055555555555554,OceanBEATs_stage2,Mahalanobis_z
eval_at,"[0.24200518582541056, 47.73392461197339, 280, 1196]",0.4237820342183113,25.055555555555554,OceanBEATs_stage2,Mahalanobis_z
eval_at,"[0.24200518582541056, 47.13525498891353, 280, 1181]",0.44304910957813276,25.055555555555554,OceanBEATs_stage2,Mahalanobis_z
eval_at,"[0.2411408815903198, 46.93569844789357, 279, 1176]",0.4597994536161423,25.055555555555554,OceanBEATs_stage2,Mahalanobis_z
eval_at,"[0.24027657735522903, 46.29711751662972, 278, 1160]",0.4800881388783454,25.055555555555554,OceanBEATs_stage2,Mahalanobis_z
eval_at,"[0.23854796888504753, 45.85809312638581, 276, 1149]",0.49783801332116134,25.055555555555554,OceanBEATs_stage2,Mahalanobis_z
eval_at,"[0.23422644770959378, 45.77827050997783, 271, 1147]",0.5168859481811524,25.055555555555554,OceanBEATs_stage2,Mahalanobis_z
eval_at,"[0.23336214347450301, 45.65853658536586, 270, 1144]",0.5374048587679863,25.055555555555554,OceanBEATs_stage2,Mahalanobis_z
eval_at,"[0.23509075194468454, 45.81818181818182, 272, 1148]",0.5573647320270538,25.055555555555554,OceanBEATs_stage2,Mahalanobis_z
eval_at,"[0.23422644770959378, 45.9379157427938, 271, 1151]",0.5770510998368265,25.055555555555554,OceanBEATs_stage2,Mahalanobis_z
eval_at,"[0.22817631806395852, 45.73835920177384, 264, 1146]",0.5973692405223847,25.055555555555554,OceanBEATs_stage2,Mahalanobis_z
eval_at,"[0.22731201382886776, 45.53880266075388, 263, 1141]",0.6181186586618425,25.055555555555554,OceanBEATs_stage2,Mahalanobis_z
eval_at,"[0.22385479688850476, 45.33924611973393, 259, 1136]",0.6395233762264254,25.055555555555554,OceanBEATs_stage2,Mahalanobis_z
eval_at,"[0.21780466724286948, 45.09977827050998, 252, 1130]",0.6584180638194085,25.055555555555554,OceanBEATs_stage2,Mahalanobis_z
eval_at,"[0.21866897147796024, 44.82039911308205, 253, 1123]",0.6789187359809876,25.055555555555554,OceanBEATs_stage2,Mahalanobis_z
eval_at,"[0.212618841832325, 44.30155210643016, 246, 1110]",0.6982863140106202,25.055555555555554,OceanBEATs_stage2,Mahalanobis_z
eval_at,"[0.21089023336214346, 44.06208425720621, 244, 1104]",0.7164019900560373,25.055555555555554,OceanBEATs_stage2,Mahalanobis_z
eval_at,"[0.20916162489196197, 43.30376940133038, 242, 1085]",0.7359683063626287,25.055555555555554,OceanBEATs_stage2,Mahalanobis_z
eval_at,"[0.2031114952463267, 42.86474501108648, 235, 1074]",0.7542412161827087,25.055555555555554,OceanBEATs_stage2,Mahalanobis_z
eval_at,"[0.20224719101123595, 42.86474501108648, 234, 1074]",0.7751573148369789,25.055555555555554,OceanBEATs_stage2,Mahalanobis_z
eval_at,"[0.2065687121866897, 42.54545454545455, 239, 1066]",0.7934458857774732,25.055555555555554,OceanBEATs_stage2,Mahalanobis_z
eval_at,"[0.20397579948141745, 42.665188470066525, 236, 1069]",0.8121472418308258,25.055555555555554,OceanBEATs_stage2,Mahalanobis_z
eval_at,"[0.20138288677614521, 42.146341463414636, 233, 1056]",0.8314274311065671,25.055555555555554,OceanBEATs_stage2,Mahalanobis_z
eval_at,"[0.19706136560069146, 41.787139689578716, 228, 1047]",0.850833627581596,25.055555555555554,OceanBEATs_stage2,Mahalanobis_z
eval_at,"[0.19187554019014694, 41.268292682926834, 222, 1034]",0.8695598453283307,25.055555555555554,OceanBEATs_stage2,Mahalanobis_z
eval_at,"[0.18928262748487468, 41.148558758314856, 219, 1031]",0.8871123045682907,25.055555555555554,OceanBEATs_stage2,Mahalanobis_z
eval_at,"[0.18841832324978391, 41.028824833702885, 218, 1028]",0.9090672791004183,25.055555555555554,OceanBEATs_stage2,Mahalanobis_z
eval_at,"[0.18668971477960242, 40.669623059866964, 216, 1019]",0.9286460620164866,25.055555555555554,OceanBEATs_stage2,Mahalanobis_z
eval_at,"[0.18409680207433016, 40.54988913525499, 213, 1016]",0.9515888839960098,25.055555555555554,OceanBEATs_stage2,Mahalanobis_z
eval_at,"[0.18063958513396716, 40.0709534368071, 209, 1004]",0.9743395173549653,25.055555555555554,OceanBEATs_stage2,Mahalanobis_z
eval_at,"[0.17891097666378566, 39.47228381374723, 207, 989]",0.9945557594299315,25.055555555555554,OceanBEATs_stage2,Mahalanobis_z
eval_at,"[0.17372515125324114, 38.43458980044346, 201, 963]",1.016713383793831,25.055555555555554,OceanBEATs_stage2,Mahalanobis_z
eval_at,"[0.17286084701815038, 38.2749445676275, 200, 959]",1.0376334285736084,25.055555555555554,OceanBEATs_stage2,Mahalanobis_z
eval_at,"[0.16594641313742436, 37.59645232815965, 192, 942]",1.0578134417533873,25.055555555555554,OceanBEATs_stage2,Mahalanobis_z
eval_at,"[0.16508210890233363, 37.55654101995566, 191, 941]",1.0776040506362916,25.055555555555554,OceanBEATs_stage2,Mahalanobis_z
eval_at,"[0.16421780466724287, 37.51662971175167, 190, 940]",1.0980707669258125,25.055555555555554,OceanBEATs_stage2,Mahalanobis_z
eval_at,"[0.1616248919619706, 36.79822616407983, 187, 922]",1.121107165813446,25.055555555555554,OceanBEATs_stage2,Mahalanobis_z
eval_at,"[0.15211754537597233, 36.79822616407983, 176, 922]",1.1449525254964832,25.055555555555554,OceanBEATs_stage2,Mahalanobis_z
eval_at,"[0.15211754537597233, 36.71840354767184, 176, 920]",1.166711688041687,25.055555555555554,OceanBEATs_stage2,Mahalanobis_z
eval_at,"[0.14693171996542784, 36.15964523281597, 170, 906]",1.1900206422805786,25.055555555555554,OceanBEATs_stage2,Mahalanobis_z
eval_at,"[0.14347450302506481, 35.76053215077606, 166, 896]",1.211066907644272,25.055555555555554,OceanBEATs_stage2,Mahalanobis_z
eval_at,"[0.13828867761452032, 35.80044345898005, 160, 897]",1.2339697837829589,25.055555555555554,OceanBEATs_stage2,Mahalanobis_z
eval_at,"[0.1348314606741573, 35.1219512195122, 156, 880]",1.2549469590187072,25.055555555555554,OceanBEATs_stage2,Mahalanobis_z
eval_at,"[0.12964563526361278, 34.48337028824834, 150, 864]",1.274730387330055,25.055555555555554,OceanBEATs_stage2,Mahalanobis_z
eval_at,"[0.12618841832324978, 33.72505543237251, 146, 845]",1.295703603029251,25.055555555555554,OceanBEATs_stage2,Mahalanobis_z
eval_at,"[0.12791702679343128, 33.006651884700666, 148, 827]",1.3191347855329516,25.055555555555554,OceanBEATs_stage2,Mahalanobis_z
eval_at,"[0.12359550561797752, 32.128603104212864, 143, 805]",1.3400944709777824,25.055555555555554,OceanBEATs_stage2,Mahalanobis_z
eval_at,"[0.12359550561797752, 31.29046563192905, 143, 784]",1.363696795105934,25.055555555555554,OceanBEATs_stage2,Mahalanobis_z
eval_at,"[0.11754537597234227, 30.651884700665192, 136, 768]",1.386527341604233,25.055555555555554,OceanBEATs_stage2,Mahalanobis_z
eval_at,"[0.11235955056179775, 29.853658536585368, 130, 748]",1.4118529325723648,25.055555555555554,OceanBEATs_stage2,Mahalanobis_z
eval_at,"[0.10890233362143474, 28.975609756097562, 126, 726]",1.437479109764099,25.055555555555554,OceanBEATs_stage2,Mahalanobis_z
eval_at,"[0.1063094209161625, 28.25720620842572, 123, 708]",1.4634354448318485,25.055555555555554,OceanBEATs_stage2,Mahalanobis_z
eval_at,"[0.10371650821089023, 27.618625277161865, 120, 692]",1.490753225088119,25.055555555555554,OceanBEATs_stage2,Mahalanobis_z
eval_at,"[0.10198789974070872, 26.980044345898005, 118, 676]",1.514710009098053,25.055555555555554,OceanBEATs_stage2,Mahalanobis_z
eval_at,"[0.09853068280034573, 26.42128603104213, 114, 662]",1.5420331239700318,25.055555555555554,OceanBEATs_stage2,Mahalanobis_z
eval_at,"[0.09334485738980121, 25.623059866962308, 108, 642]",1.5713939428329464,25.055555555555554,OceanBEATs_stage2,Mahalanobis_z
eval_at,"[0.0881590319792567, 24.545454545454547, 102, 615]",1.6008987164497375,25.055555555555554,OceanBEATs_stage2,Mahalanobis_z
eval_at,"[0.0847018150388937, 23.747228381374725, 98, 595]",1.6298609709739686,25.055555555555554,OceanBEATs_stage2,Mahalanobis_z
eval_at,"[0.08297320656871218, 22.9490022172949, 96, 575]",1.664152193069458,25.055555555555554,OceanBEATs_stage2,Mahalanobis_z
eval_at,"[0.07778738115816768, 21.871396895787143, 90, 548]",1.6944341200590134,25.055555555555554,OceanBEATs_stage2,Mahalanobis_z
eval_at,"[0.07260155574762317, 21.073170731707318, 84, 528]",1.7283590853214268,25.055555555555554,OceanBEATs_stage2,Mahalanobis_z
eval_at,"[0.06741573033707865, 20.793791574279382, 78, 521]",1.7598425155878066,25.055555555555554,OceanBEATs_stage2,Mahalanobis_z
eval_at,"[0.06395851339671564, 19.67627494456763, 74, 493]",1.7994586992263797,25.055555555555554,OceanBEATs_stage2,Mahalanobis_z
eval_at,"[0.06050129645635264, 18.27937915742794, 70, 458]",1.8385761976242085,25.055555555555554,OceanBEATs_stage2,Mahalanobis_z
eval_at,"[0.05704407951598963, 17.321507760532153, 66, 434]",1.8760205101966858,25.055555555555554,OceanBEATs_stage2,Mahalanobis_z
eval_at,"[0.05185825410544512, 16.203991130820402, 60, 406]",1.9227628034353266,25.055555555555554,OceanBEATs_stage2,Mahalanobis_z
eval_at,"[0.05012964563526361, 15.046563192904658, 58, 377]",1.9757178568840021,25.055555555555554,OceanBEATs_stage2,Mahalanobis_z
eval_at,"[0.043215211754537596, 14.08869179600887, 50, 353]",2.0259481859207153,25.055555555555554,OceanBEATs_stage2,Mahalanobis_z
eval_at,"[0.03802938634399308, 12.372505543237251, 44, 310]",2.081957256793975,25.055555555555554,OceanBEATs_stage2,Mahalanobis_z
eval_at,"[0.03457216940363008, 11.21507760532151, 40, 281]",2.1533291637897487,25.055555555555554,OceanBEATs_stage2,Mahalanobis_z
eval_at,"[0.02679343128781331, 10.057649667405766, 31, 252]",2.227284536361694,25.055555555555554,OceanBEATs_stage2,Mahalanobis_z
eval_at,"[0.024200518582541054, 8.980044345898005, 28, 225]",2.313303160667418,25.055555555555554,OceanBEATs_stage2,Mahalanobis_z
eval_at,"[0.020743301642178046, 7.74279379157428, 24, 194]",2.422419035434723,25.055555555555554,OceanBEATs_stage2,Mahalanobis_z
eval_at,"[0.01728608470181504, 6.146341463414634, 20, 154]",2.5444929838180546,25.055555555555554,OceanBEATs_stage2,Mahalanobis_z
eval_at,"[0.013828867761452032, 4.789356984478936, 16, 120]",2.6946534729003893,25.055555555555554,OceanBEATs_stage2,Mahalanobis_z
eval_at,"[0.012100259291270527, 3.592017738359202, 14, 90]",2.8886867916584014,25.055555555555554,OceanBEATs_stage2,Mahalanobis_z
eval_at,"[0.005185825410544511, 2.2749445676274944, 6, 57]",3.2294670033454906,25.055555555555554,OceanBEATs_stage2,Mahalanobis_z
eval_at,"[0.0025929127052722557, 1.3170731707317074, 3, 33]",3.7772651398181893,25.055555555555554,OceanBEATs_stage2,Mahalanobis_z
eval_at,"[0.26793431287813313, 49.41019955654102, 310, 1238]",-0.014455098658800125,25.055555555555554,OceanBEATs_stage2,CCED2_z
eval_at,"[0.26707000864304237, 49.569844789356985, 309, 1242]",0.004215807765722232,25.055555555555554,OceanBEATs_stage2,CCED2_z
eval_at,"[0.2636127917026793, 50.04878048780488, 305, 1254]",0.02173147089779402,25.055555555555554,OceanBEATs_stage2,CCED2_z
eval_at,"[0.2601555747623163, 50.128603104212864, 301, 1256]",0.04191501464694748,25.055555555555554,OceanBEATs_stage2,CCED2_z
eval_at,"[0.25842696629213485, 50.088691796008874, 299, 1255]",0.06185402303934097,25.055555555555554,OceanBEATs_stage2,CCED2_z
eval_at,"[0.2566983578219533, 50.04878048780488, 297, 1254]",0.08092622756958018,25.055555555555554,OceanBEATs_stage2,CCED2_z
eval_at,"[0.25583405358686256, 50.00886917960089, 296, 1253]",0.09931615561246881,25.055555555555554,OceanBEATs_stage2,CCED2_z
eval_at,"[0.25583405358686256, 50.128603104212864, 296, 1256]",0.11817728359252218,25.055555555555554,OceanBEATs_stage2,CCED2_z
eval_at,"[0.2549697493517718, 50.128603104212864, 295, 1256]",0.13815951168537183,25.055555555555554,OceanBEATs_stage2,CCED2_z
eval_at,"[0.25324114088159033, 49.769401330376944, 293, 1247]",0.1566978818178177,25.055555555555554,OceanBEATs_stage2,CCED2_z
eval_at,"[0.25237683664649957, 49.41019955654102, 292, 1238]",0.1747481591999531,25.055555555555554,OceanBEATs_stage2,CCED2_z
eval_at,"[0.24719101123595505, 49.170731707317074, 286, 1232]",0.19294985294342087,25.055555555555554,OceanBEATs_stage2,CCED2_z
eval_at,"[0.2480553154710458, 49.170731707317074, 287, 1232]",0.21340735077857986,25.055555555555554,OceanBEATs_stage2,CCED2_z
eval_at,"[0.24546240276577355, 49.130820399113084, 284, 1231]",0.23280546762049192,25.055555555555554,OceanBEATs_stage2,CCED2_z
eval_at,"[0.24546240276577355, 48.85144124168515, 284, 1224]",0.2520821264386167,25.055555555555554,OceanBEATs_stage2,CCED2_z
eval_at,"[0.24373379429559205, 48.37250554323725, 282, 1212]",0.2724428132176399,25.055555555555554,OceanBEATs_stage2,CCED2_z
eval_at,"[0.24200518582541056, 48.45232815964523, 280, 1214]",0.2903058010339736,25.055555555555554,OceanBEATs_stage2,CCED2_z
eval_at,"[0.24027657735522903, 48.49223946784923, 278, 1215]",0.3089739774167534,25.055555555555554,OceanBEATs_stage2,CCED2_z
eval_at,"[0.24027657735522903, 48.01330376940133, 278, 1203]",0.32666224002838135,25.055555555555554,OceanBEATs_stage2,CCED2_z
eval_at,"[0.24373379429559205, 48.25277161862528, 282, 1209]",0.3452815949916839,25.055555555555554,OceanBEATs_stage2,CCED2_z
eval_at,"[0.2428694900605013, 48.05321507760532, 281, 1204]",0.3647871851921081,25.055555555555554,OceanBEATs_stage2,CCED2_z
eval_at,"[0.24200518582541056, 47.65410199556541, 280, 1194]",0.383757717460394,25.055555555555554,OceanBEATs_stage2,CCED2_z
eval_at,"[0.23854796888504753, 47.97339246119734, 276, 1202]",0.40281590223312363,25.055555555555554,OceanBEATs_stage2,CCED2_z
eval_at,"[0.24027657735522903, 47.89356984478936, 278, 1200]",0.4240717536211013,25.055555555555554,OceanBEATs_stage2,CCED2_z
eval_at,"[0.2394122731201383, 47.33481152993348, 277, 1186]",0.4401866286993028,25.055555555555554,OceanBEATs_stage2,CCED2_z
eval_at,"[0.23768366464995677, 46.53658536585366, 275, 1166]",0.45906156301498413,25.055555555555554,OceanBEATs_stage2,CCED2_z
eval_at,"[0.2394122731201383, 46.33702882483371, 277, 1161]",0.4787808701395987,25.055555555555554,OceanBEATs_stage2,CCED2_z
eval_at,"[0.2394122731201383, 46.25720620842572, 277, 1159]",0.4973993711173537,25.055555555555554,OceanBEATs_stage2,CCED2_z
eval_at,"[0.23768366464995677, 46.01773835920178, 275, 1153]",0.5157927393913269,25.055555555555554,OceanBEATs_stage2,CCED2_z
eval_at,"[0.23681936041486604, 46.29711751662972, 274, 1160]",0.5349510994553566,25.055555555555554,OceanBEATs_stage2,CCED2_z
eval_at,"[0.23336214347450301, 45.81818181818182, 270, 1148]",0.5536945521831516,25.055555555555554,OceanBEATs_stage2,CCED2_z
eval_at,"[0.22904062229904926, 45.81818181818182, 265, 1148]",0.5737576001882553,25.055555555555554,OceanBEATs_stage2,CCED2_z
eval_at,"[0.22385479688850476, 45.57871396895788, 259, 1142]",0.592524403333664,25.055555555555554,OceanBEATs_stage2,CCED2_z
eval_at,"[0.22385479688850476, 45.33924611973393, 259, 1136]",0.6120164823532106,25.055555555555554,OceanBEATs_stage2,CCED2_z
eval_at,"[0.219533275713051, 45.33924611973393, 254, 1136]",0.6310212987661362,25.055555555555554,OceanBEATs_stage2,CCED2_z
eval_at,"[0.22039757994814174, 45.13968957871397, 255, 1131]",0.6510805487632751,25.055555555555554,OceanBEATs_stage2,CCED2_z
eval_at,"[0.22039757994814174, 44.54101995565411, 255, 1116]",0.6716549062728883,25.055555555555554,OceanBEATs_stage2,CCED2_z
eval_at,"[0.2143474503025065, 44.26164079822617, 248, 1109]",0.689842479526997,25.055555555555554,OceanBEATs_stage2,CCED2_z
eval_at,"[0.21089023336214346, 43.782705099778276, 244, 1097]",0.7099670612812039,25.055555555555554,OceanBEATs_stage2,CCED2_z
eval_at,"[0.21002592912705273, 43.54323725055433, 243, 1091]",0.72782143086195,25.055555555555554,OceanBEATs_stage2,CCED2_z
eval_at,"[0.21089023336214346, 42.98447893569845, 244, 1077]",0.7489965319633484,25.055555555555554,OceanBEATs_stage2,CCED2_z
eval_at,"[0.21002592912705273, 42.425720620842576, 243, 1063]",0.7685937976837157,25.055555555555554,OceanBEATs_stage2,CCED2_z
eval_at,"[0.2031114952463267, 42.505543237250556, 235, 1065]",0.7898223626613614,25.055555555555554,OceanBEATs_stage2,CCED2_z
eval_at,"[0.2031114952463267, 42.345898004434595, 235, 1061]",0.8084510493278503,25.055555555555554,OceanBEATs_stage2,CCED2_z
eval_at,"[0.20138288677614521, 42.106430155210646, 233, 1055]",0.8288298082351685,25.055555555555554,OceanBEATs_stage2,CCED2_z
eval_at,"[0.19706136560069146, 41.707317073170735, 228, 1045]",0.8463446617126463,25.055555555555554,OceanBEATs_stage2,CCED2_z
eval_at,"[0.1979256698357822, 41.547671840354774, 229, 1041]",0.8644754540920258,25.055555555555554,OceanBEATs_stage2,CCED2_z
eval_at,"[0.1944684528954192, 41.18847006651885, 225, 1032]",0.882797911465168,25.055555555555554,OceanBEATs_stage2,CCED2_z
eval_at,"[0.18841832324978391, 40.949002217294904, 218, 1026]",0.9023822212219241,25.055555555555554,OceanBEATs_stage2,CCED2_z
eval_at,"[0.18496110630942092, 40.390243902439025, 214, 1012]",0.9212599948048589,25.055555555555554,OceanBEATs_stage2,CCED2_z
eval_at,"[0.18236819360414866, 40.0709534368071, 211, 1004]",0.9403783082962036,25.055555555555554,OceanBEATs_stage2,CCED2_z
eval_at,"[0.17891097666378566, 39.631929046563194, 207, 993]",0.9627890059351922,25.055555555555554,OceanBEATs_stage2,CCED2_z
eval_at,"[0.17372515125324114, 39.1529933481153, 201, 981]",0.9859037804603575,25.055555555555554,OceanBEATs_stage2,CCED2_z
eval_at,"[0.17113223854796888, 38.59423503325942, 198, 967]",1.0088104057312013,25.055555555555554,OceanBEATs_stage2,CCED2_z
eval_at,"[0.17026793431287812, 38.35476718403548, 197, 961]",1.0297686576843268,25.055555555555554,OceanBEATs_stage2,CCED2_z
eval_at,"[0.16681071737251513, 38.07538802660754, 193, 954]",1.0498588144779204,25.055555555555554,OceanBEATs_stage2,CCED2_z
eval_at,"[0.16508210890233363, 37.83592017738359, 191, 948]",1.073528528213501,25.055555555555554,OceanBEATs_stage2,CCED2_z
eval_at,"[0.1598962834917891, 37.99556541019956, 185, 952]",1.096341644525528,25.055555555555554,OceanBEATs_stage2,CCED2_z
eval_at,"[0.1581676750216076, 37.55654101995566, 183, 941]",1.1172980749607087,25.055555555555554,OceanBEATs_stage2,CCED2_z
eval_at,"[0.1529818496110631, 37.07760532150776, 177, 929]",1.1412212276458744,25.055555555555554,OceanBEATs_stage2,CCED2_z
eval_at,"[0.15211754537597233, 36.67849223946785, 176, 919]",1.1662728786468513,25.055555555555554,OceanBEATs_stage2,CCED2_z
eval_at,"[0.14866032843560933, 36.039911308204, 172, 903]",1.186024841070175,25.055555555555554,OceanBEATs_stage2,CCED2_z
eval_at,"[0.14088159031979255, 35.68070953436808, 163, 894]",1.2080319392681123,25.055555555555554,OceanBEATs_stage2,CCED2_z
eval_at,"[0.1365600691443388, 35.48115299334812, 158, 889]",1.2279230529069898,25.055555555555554,OceanBEATs_stage2,CCED2_z
eval_at,"[0.12964563526361278, 34.84257206208426, 150, 873]",1.2480206346511842,25.055555555555554,OceanBEATs_stage2,CCED2_z
eval_at,"[0.12618841832324978, 33.924611973392466, 146, 850]",1.2718469500541687,25.055555555555554,OceanBEATs_stage2,CCED2_z
eval_at,"[0.12445980985306827, 33.44567627494457, 144, 838]",1.2943889820575711,25.055555555555554,OceanBEATs_stage2,CCED2_z
eval_at,"[0.12186689714779603, 33.166297117516635, 141, 831]",1.316748681664467,25.055555555555554,OceanBEATs_stage2,CCED2_z
eval_at,"[0.12100259291270528, 32.368070953436806, 140, 811]",1.3409492492675779,25.055555555555554,OceanBEATs_stage2,CCED2_z
eval_at,"[0.12100259291270528, 31.72949002217295, 140, 795]",1.3630266964435573,25.055555555555554,OceanBEATs_stage2,CCED2_z
eval_at,"[0.11754537597234227, 30.93126385809313, 136, 775]",1.3865502655506134,25.055555555555554,OceanBEATs_stage2,CCED2_z
eval_at,"[0.11754537597234227, 30.172949002217297, 136, 756]",1.4116874527931202,25.055555555555554,OceanBEATs_stage2,CCED2_z
eval_at,"[0.1132238547968885, 29.21507760532151, 131, 732]",1.434107208251953,25.055555555555554,OceanBEATs_stage2,CCED2_z
eval_at,"[0.10803802938634399, 28.416851441241686, 125, 712]",1.4590434557199485,25.055555555555554,OceanBEATs_stage2,CCED2_z
eval_at,"[0.10285220397579949, 27.898004434589804, 119, 699]",1.481729142665863,25.055555555555554,OceanBEATs_stage2,CCED2_z
eval_at,"[0.09507346585998272, 27.37915742793792, 110, 686]",1.5102041065692902,25.055555555555554,OceanBEATs_stage2,CCED2_z
eval_at,"[0.09075194468452895, 26.66075388026608, 105, 668]",1.541447196006775,25.055555555555554,OceanBEATs_stage2,CCED2_z
eval_at,"[0.08556611927398444, 25.702882483370292, 99, 644]",1.568857163786888,25.055555555555554,OceanBEATs_stage2,CCED2_z
eval_at,"[0.08038029386343994, 25.02439024390244, 93, 627]",1.5965689289569855,25.055555555555554,OceanBEATs_stage2,CCED2_z
eval_at,"[0.07865168539325842, 24.186252771618626, 91, 606]",1.6273125475645067,25.055555555555554,OceanBEATs_stage2,CCED2_z
eval_at,"[0.07692307692307693, 23.427937915742795, 89, 587]",1.6598509430885315,25.055555555555554,OceanBEATs_stage2,CCED2_z
eval_at,"[0.07260155574762317, 22.629711751662974, 84, 567]",1.689049775004387,25.055555555555554,OceanBEATs_stage2,CCED2_z
eval_at,"[0.07000864304235091, 21.552106430155213, 81, 540]",1.7244821643829347,25.055555555555554,OceanBEATs_stage2,CCED2_z
eval_at,"[0.06568712186689715, 20.793791574279382, 76, 521]",1.7591171836853026,25.055555555555554,OceanBEATs_stage2,CCED2_z
eval_at,"[0.06395851339671564, 19.995565410199557, 74, 501]",1.7928772354125981,25.055555555555554,OceanBEATs_stage2,CCED2_z
eval_at,"[0.06136560069144339, 19.277161862527716, 71, 483]",1.8318495154380803,25.055555555555554,OceanBEATs_stage2,CCED2_z
eval_at,"[0.056179775280898875, 17.5609756097561, 65, 440]",1.870513677597046,25.055555555555554,OceanBEATs_stage2,CCED2_z
eval_at,"[0.052722558340535866, 15.764966740576497, 61, 395]",1.9158309245109562,25.055555555555554,OceanBEATs_stage2,CCED2_z
eval_at,"[0.046672428694900604, 14.807095343680711, 54, 371]",1.9673549151420593,25.055555555555554,OceanBEATs_stage2,CCED2_z
eval_at,"[0.03889369057908384, 14.248337028824835, 45, 357]",2.0164330983161927,25.055555555555554,OceanBEATs_stage2,CCED2_z
eval_at,"[0.03457216940363008, 12.731707317073171, 40, 319]",2.0753444194793698,25.055555555555554,OceanBEATs_stage2,CCED2_z
eval_at,"[0.03197925669835782, 11.773835920177385, 37, 295]",2.1405739367008207,25.055555555555554,OceanBEATs_stage2,CCED2_z
eval_at,"[0.02679343128781331, 10.416851441241686, 31, 261]",2.2125669479370127,25.055555555555554,OceanBEATs_stage2,CCED2_z
eval_at,"[0.02592912705272256, 9.259423503325943, 30, 232]",2.295258193016052,25.055555555555554,OceanBEATs_stage2,CCED2_z
eval_at,"[0.020743301642178046, 7.74279379157428, 24, 194]",2.389908382892608,25.055555555555554,OceanBEATs_stage2,CCED2_z
eval_at,"[0.01728608470181504, 6.465631929046563, 20, 162]",2.513600575923922,25.055555555555554,OceanBEATs_stage2,CCED2_z
eval_at,"[0.012100259291270527, 4.909090909090909, 14, 123]",2.663555364608762,25.055555555555554,OceanBEATs_stage2,CCED2_z
eval_at,"[0.01296456352636128, 3.791574279379158, 15, 95]",2.8430583703517915,25.055555555555554,OceanBEATs_stage2,CCED2_z
eval_at,"[0.006050129645635264, 2.6341463414634148, 7, 66]",3.193984646797185,25.055555555555554,OceanBEATs_stage2,CCED2_z
eval_at,"[0.003457216940363008, 1.5166297117516632, 4, 38]",3.641213989257803,25.055555555555554,OceanBEATs_stage2,CCED2_z
eval_at,"[0.34572169403630076, 64.97560975609757, 400, 1628]",0.01922803744673729,25.055555555555554,Perch 2.0,kNN_z
eval_at,"[0.3509075194468453, 64.73614190687361, 406, 1622]",0.03670378683134902,25.055555555555554,Perch 2.0,kNN_z
eval_at,"[0.34831460674157305, 64.61640798226165, 403, 1619]",0.05436343804001821,25.055555555555554,Perch 2.0,kNN_z
eval_at,"[0.34917891097666376, 64.69623059866963, 404, 1621]",0.06916516788303854,25.055555555555554,Perch 2.0,kNN_z
eval_at,"[0.3509075194468453, 64.41685144124169, 406, 1614]",0.08471397757530212,25.055555555555554,Perch 2.0,kNN_z
eval_at,"[0.3526361279170268, 64.13747228381375, 408, 1607]",0.10378486849367666,25.055555555555554,Perch 2.0,kNN_z
eval_at,"[0.35177182368193605, 64.33702882483371, 407, 1612]",0.12287932537496096,25.055555555555554,Perch 2.0,kNN_z
eval_at,"[0.35350043215211757, 64.09756097560977, 409, 1606]",0.14033892437815668,25.055555555555554,Perch 2.0,kNN_z
eval_at,"[0.35177182368193605, 64.73614190687361, 407, 1622]",0.15980648666620256,25.055555555555554,Perch 2.0,kNN_z
eval_at,"[0.34485738980121, 64.73614190687361, 399, 1622]",0.17721600890159608,25.055555555555554,Perch 2.0,kNN_z
eval_at,"[0.341400172860847, 64.85587583148559, 395, 1625]",0.19558493793010717,25.055555555555554,Perch 2.0,kNN_z
eval_at,"[0.3388072601555748, 64.73614190687361, 392, 1622]",0.21350322976708422,25.055555555555554,Perch 2.0,kNN_z
eval_at,"[0.33967156439066554, 64.93569844789357, 393, 1627]",0.2320692414045334,25.055555555555554,Perch 2.0,kNN_z
eval_at,"[0.33967156439066554, 64.65631929046563, 393, 1620]",0.25260249227285364,25.055555555555554,Perch 2.0,kNN_z
eval_at,"[0.33707865168539325, 64.41685144124169, 390, 1614]",0.2712331050634377,25.055555555555554,Perch 2.0,kNN_z
eval_at,"[0.3362143474503025, 64.33702882483371, 389, 1612]",0.28762125968933094,25.055555555555554,Perch 2.0,kNN_z
eval_at,"[0.3353500432152118, 64.49667405764967, 388, 1616]",0.30472388327121724,25.055555555555554,Perch 2.0,kNN_z
eval_at,"[0.33362143474503025, 63.4589800443459, 386, 1590]",0.32394463732838613,25.055555555555554,Perch 2.0,kNN_z
eval_at,"[0.33016421780466726, 63.69844789356985, 382, 1596]",0.34326323717832563,25.055555555555554,Perch 2.0,kNN_z
eval_at,"[0.32843560933448573, 63.65853658536586, 380, 1595]",0.36327887356281274,25.055555555555554,Perch 2.0,kNN_z
eval_at,"[0.33016421780466726, 63.57871396895788, 382, 1593]",0.37996060848236074,25.055555555555554,Perch 2.0,kNN_z
eval_at,"[0.32497839239412274, 63.019955654102, 376, 1579]",0.4002956274151802,25.055555555555554,Perch 2.0,kNN_z
eval_at,"[0.320656871218669, 62.54101995565411, 371, 1567]",0.4172302809357643,25.055555555555554,Perch 2.0,kNN_z
eval_at,"[0.317199654278306, 62.18181818181819, 367, 1558]",0.4370553910732269,25.055555555555554,Perch 2.0,kNN_z
eval_at,"[0.31374243733794294, 61.82261640798227, 363, 1549]",0.45707464635372164,25.055555555555554,Perch 2.0,kNN_z
eval_at,"[0.31028522039757994, 61.104212860310426, 359, 1531]",0.47421982139348984,25.055555555555554,Perch 2.0,kNN_z
eval_at,"[0.30855661192739847, 60.385809312638585, 357, 1513]",0.49413780897855736,25.055555555555554,Perch 2.0,kNN_z
eval_at,"[0.3076923076923077, 59.8669623059867, 356, 1500]",0.5141366070508957,25.055555555555554,Perch 2.0,kNN_z
eval_at,"[0.30855661192739847, 59.747228381374725, 357, 1497]",0.5349041628837585,25.055555555555554,Perch 2.0,kNN_z
eval_at,"[0.30682800345721695, 59.028824833702885, 355, 1479]",0.55517452865839,25.055555555555554,Perch 2.0,kNN_z
eval_at,"[0.3025064822817632, 58.589800443458984, 350, 1468]",0.5759708613157275,25.055555555555554,Perch 2.0,kNN_z
eval_at,"[0.3016421780466724, 58.15077605321508, 349, 1457]",0.5957405620813371,25.055555555555554,Perch 2.0,kNN_z
eval_at,"[0.3025064822817632, 57.83148558758315, 350, 1449]",0.6143302011489868,25.055555555555554,Perch 2.0,kNN_z
eval_at,"[0.29732065687121867, 57.1529933481153, 344, 1432]",0.6341414231061951,25.055555555555554,Perch 2.0,kNN_z
eval_at,"[0.2999135695764909, 56.79379157427938, 347, 1423]",0.6561127543449403,25.055555555555554,Perch 2.0,kNN_z
eval_at,"[0.29559204840103714, 56.63414634146342, 342, 1419]",0.6772459045052529,25.055555555555554,Perch 2.0,kNN_z
eval_at,"[0.2895419187554019, 56.19512195121952, 335, 1408]",0.6985274362564092,25.055555555555554,Perch 2.0,kNN_z
eval_at,"[0.28608470181503887, 55.99556541019956, 331, 1403]",0.7181471097469334,25.055555555555554,Perch 2.0,kNN_z
eval_at,"[0.28262748487467587, 55.3569844789357, 327, 1387]",0.7359630209207534,25.055555555555554,Perch 2.0,kNN_z
eval_at,"[0.2791702679343129, 54.99778270509978, 323, 1378]",0.7587958440184589,25.055555555555554,Perch 2.0,kNN_z
eval_at,"[0.2748487467588591, 54.51884700665189, 318, 1366]",0.7815831303596497,25.055555555555554,Perch 2.0,kNN_z
eval_at,"[0.27398444252376836, 54.27937915742794, 317, 1360]",0.8039982295036315,25.055555555555554,Perch 2.0,kNN_z
eval_at,"[0.26879861711322384, 54.00000000000001, 311, 1353]",0.82616857111454,25.055555555555554,Perch 2.0,kNN_z
eval_at,"[0.2662057044079516, 53.48115299334812, 308, 1340]",0.8480551168322563,25.055555555555554,Perch 2.0,kNN_z
eval_at,"[0.2644770959377701, 52.882483370288256, 306, 1325]",0.8700499486923218,25.055555555555554,Perch 2.0,kNN_z
eval_at,"[0.26534140017286084, 51.964523281596456, 307, 1302]",0.8924830272793768,25.055555555555554,Perch 2.0,kNN_z
eval_at,"[0.26188418323249785, 51.645232815964526, 303, 1294]",0.917159348130226,25.055555555555554,Perch 2.0,kNN_z
eval_at,"[0.25929127052722556, 50.68736141906874, 300, 1270]",0.9398214837908745,25.055555555555554,Perch 2.0,kNN_z
eval_at,"[0.25842696629213485, 50.128603104212864, 299, 1256]",0.964615072011948,25.055555555555554,Perch 2.0,kNN_z
eval_at,"[0.2566983578219533, 49.64966740576497, 297, 1244]",0.9897355100512494,25.055555555555554,Perch 2.0,kNN_z
eval_at,"[0.25237683664649957, 49.09090909090909, 292, 1230]",1.016800194978714,25.055555555555554,Perch 2.0,kNN_z
eval_at,"[0.2497839239412273, 48.29268292682927, 289, 1210]",1.0421425211429596,25.055555555555554,Perch 2.0,kNN_z
eval_at,"[0.24891961970613655, 47.2549889135255, 288, 1184]",1.0673946237564085,25.055555555555554,Perch 2.0,kNN_z
eval_at,"[0.2445980985306828, 46.33702882483371, 283, 1161]",1.0937104523181915,25.055555555555554,Perch 2.0,kNN_z
eval_at,"[0.24546240276577355, 45.8980044345898, 284, 1150]",1.1228263425827034,25.055555555555554,Perch 2.0,kNN_z
eval_at,"[0.23768366464995677, 44.98004434589801, 275, 1127]",1.1471465706825257,25.055555555555554,Perch 2.0,kNN_z
eval_at,"[0.23509075194468454, 44.101995565410206, 272, 1105]",1.173117966651917,25.055555555555554,Perch 2.0,kNN_z
eval_at,"[0.22904062229904926, 43.18403547671841, 265, 1082]",1.2030973047018059,25.055555555555554,Perch 2.0,kNN_z
eval_at,"[0.22558340535868626, 42.186252771618626, 261, 1057]",1.2322686946392059,25.055555555555554,Perch 2.0,kNN_z
eval_at,"[0.22385479688850476, 40.988913525498894, 259, 1027]",1.2613772964477539,25.055555555555554,Perch 2.0,kNN_z
eval_at,"[0.222990492653414, 39.83148558758315, 258, 998]",1.2908871650695801,25.055555555555554,Perch 2.0,kNN_z
eval_at,"[0.2212618841832325, 39.27272727272727, 256, 984]",1.3221105796098709,25.055555555555554,Perch 2.0,kNN_z
eval_at,"[0.219533275713051, 38.43458980044346, 254, 963]",1.3542199921607974,25.055555555555554,Perch 2.0,kNN_z
eval_at,"[0.21607605877268798, 37.3569844789357, 250, 936]",1.3873859637975687,25.055555555555554,Perch 2.0,kNN_z
eval_at,"[0.20916162489196197, 36.31929046563193, 242, 910]",1.4238125348091126,25.055555555555554,Perch 2.0,kNN_z
eval_at,"[0.20829732065687123, 35.52106430155211, 241, 890]",1.4583164870738983,25.055555555555554,Perch 2.0,kNN_z
eval_at,"[0.20224719101123595, 34.56319290465632, 234, 866]",1.4902948188781733,25.055555555555554,Perch 2.0,kNN_z
eval_at,"[0.1979256698357822, 33.36585365853659, 229, 836]",1.5264635068178176,25.055555555555554,Perch 2.0,kNN_z
eval_at,"[0.19360414866032843, 32.288248337028826, 224, 809]",1.5586553955078124,25.055555555555554,Perch 2.0,kNN_z
eval_at,"[0.19014693171996544, 31.410199556541023, 220, 787]",1.5982454913854596,25.055555555555554,Perch 2.0,kNN_z
eval_at,"[0.18668971477960242, 30.532150776053218, 216, 765]",1.6432288944721223,25.055555555555554,Perch 2.0,kNN_z
eval_at,"[0.18582541054451165, 29.494456762749447, 215, 739]",1.6865151935815808,25.055555555555554,Perch 2.0,kNN_z
eval_at,"[0.17545375972342264, 28.45676274944568, 203, 713]",1.7366103434562683,25.055555555555554,Perch 2.0,kNN_z
eval_at,"[0.1676750216076059, 27.259423503325944, 194, 683]",1.7850782990455631,25.055555555555554,Perch 2.0,kNN_z
eval_at,"[0.16248919619706137, 26.141906873614193, 188, 655]",1.8383793127536767,25.055555555555554,Perch 2.0,kNN_z
eval_at,"[0.1529818496110631, 25.144124168514413, 177, 630]",1.8954757302999496,25.055555555555554,Perch 2.0,kNN_z
eval_at,"[0.14866032843560933, 23.866962305986696, 172, 598]",1.9564377927780172,25.055555555555554,Perch 2.0,kNN_z
eval_at,"[0.14088159031979255, 22.749445676274945, 163, 570]",2.0198856341838836,25.055555555555554,Perch 2.0,kNN_z
eval_at,"[0.13396715643906656, 21.671840354767184, 155, 543]",2.089221203327179,25.055555555555554,Perch 2.0,kNN_z
eval_at,"[0.13050993949870354, 20.674057649667407, 151, 518]",2.162765914201738,25.055555555555554,Perch 2.0,kNN_z
eval_at,"[0.12359550561797752, 19.237250554323726, 143, 482]",2.244804620742798,25.055555555555554,Perch 2.0,kNN_z
eval_at,"[0.11754537597234227, 17.88026607538803, 136, 448]",2.323271061182022,25.055555555555554,Perch 2.0,kNN_z
eval_at,"[0.1132238547968885, 16.802660753880268, 131, 421]",2.412885713577272,25.055555555555554,Perch 2.0,kNN_z
eval_at,"[0.1063094209161625, 15.286031042128604, 123, 383]",2.5030052912235257,25.055555555555554,Perch 2.0,kNN_z
eval_at,"[0.09853068280034573, 14.008869179600888, 114, 351]",2.613752889633179,25.055555555555554,Perch 2.0,kNN_z
eval_at,"[0.0898876404494382, 12.372505543237251, 104, 310]",2.761591148376471,25.055555555555554,Perch 2.0,kNN_z
eval_at,"[0.08210890233362143, 11.015521064301552, 95, 276]",2.919069876670837,25.055555555555554,Perch 2.0,kNN_z
eval_at,"[0.07605877268798616, 9.578713968957873, 88, 240]",3.1085978257656106,25.055555555555554,Perch 2.0,kNN_z
eval_at,"[0.06741573033707865, 9.059866962305987, 78, 227]",3.338450818061826,25.055555555555554,Perch 2.0,kNN_z
eval_at,"[0.056179775280898875, 8.181818181818182, 65, 205]",3.602036341428757,25.055555555555554,Perch 2.0,kNN_z
eval_at,"[0.043215211754537596, 7.1042128603104215, 50, 178]",3.88492019176483,25.055555555555554,Perch 2.0,kNN_z
eval_at,"[0.04062229904926534, 5.906873614190688, 47, 148]",4.260482079982757,25.055555555555554,Perch 2.0,kNN_z
eval_at,"[0.036300777873811585, 4.9490022172949, 42, 124]",4.7904412078857534,25.055555555555554,Perch 2.0,kNN_z
eval_at,"[0.03025064822817632, 4.031042128603104, 35, 101]",5.450010776519772,25.055555555555554,Perch 2.0,kNN_z
eval_at,"[0.024200518582541054, 3.192904656319291, 28, 80]",6.3791354322433405,25.055555555555554,Perch 2.0,kNN_z
eval_at,"[0.018150388936905792, 2.354767184035477, 21, 59]",7.704538679122965,25.055555555555554,Perch 2.0,kNN_z
eval_at,"[0.01296456352636128, 1.796008869179601, 15, 45]",10.218409538269041,25.055555555555554,Perch 2.0,kNN_z
eval_at,"[0.006914433880726016, 1.1574279379157428, 8, 29]",13.29166197776791,25.055555555555554,Perch 2.0,kNN_z
eval_at,"[0.001728608470181504, 0.9179600886917961, 2, 23]",17.147499370575012,25.055555555555554,Perch 2.0,kNN_z
eval_at,"[0.000864304235090752, 0.3592017738359202, 1, 9]",23.869268627166615,25.055555555555554,Perch 2.0,kNN_z
eval_at,"[0.33016421780466726, 67.45011086474501, 382, 1690]",0.02209695242345333,25.055555555555554,Perch 2.0,Mahalanobis_z
eval_at,"[0.32843560933448573, 67.33037694013305, 380, 1687]",0.03982354972511528,25.055555555555554,Perch 2.0,Mahalanobis_z
eval_at,"[0.33016421780466726, 67.33037694013305, 382, 1687]",0.05954203680157664,25.055555555555554,Perch 2.0,Mahalanobis_z
eval_at,"[0.32843560933448573, 67.64966740576497, 380, 1695]",0.07605927675962451,25.055555555555554,Perch 2.0,Mahalanobis_z
eval_at,"[0.32757130509939497, 67.64966740576497, 379, 1695]",0.0936061716079711,25.055555555555554,Perch 2.0,Mahalanobis_z
eval_at,"[0.3267070008643042, 67.60975609756098, 378, 1694]",0.1113516891375184,25.055555555555554,Perch 2.0,Mahalanobis_z
eval_at,"[0.3232497839239412, 67.64966740576497, 374, 1695]",0.12905188664793968,25.055555555555554,Perch 2.0,Mahalanobis_z
eval_at,"[0.32152117545375974, 67.17073170731707, 372, 1683]",0.14798396393656732,25.055555555555554,Perch 2.0,Mahalanobis_z
eval_at,"[0.3180639585133967, 67.49002217294901, 368, 1691]",0.16553691625595096,25.055555555555554,Perch 2.0,Mahalanobis_z
eval_at,"[0.320656871218669, 67.37028824833703, 371, 1688]",0.18366412557661538,25.055555555555554,Perch 2.0,Mahalanobis_z
eval_at,"[0.320656871218669, 67.0909090909091, 371, 1681]",0.20273049324750902,25.055555555555554,Perch 2.0,Mahalanobis_z
eval_at,"[0.320656871218669, 67.01108647450111, 371, 1679]",0.21995137341320517,25.055555555555554,Perch 2.0,Mahalanobis_z
eval_at,"[0.31892826274848746, 66.97117516629713, 369, 1678]",0.23805076360702518,25.055555555555554,Perch 2.0,Mahalanobis_z
eval_at,"[0.31892826274848746, 66.29268292682927, 369, 1661]",0.2565533652901649,25.055555555555554,Perch 2.0,Mahalanobis_z
eval_at,"[0.31547104580812446, 66.13303769401331, 365, 1657]",0.2774132281541824,25.055555555555554,Perch 2.0,Mahalanobis_z
eval_at,"[0.31547104580812446, 65.49445676274945, 365, 1641]",0.295224291831255,25.055555555555554,Perch 2.0,Mahalanobis_z
eval_at,"[0.3163353500432152, 65.13525498891353, 366, 1632]",0.31433777034282684,25.055555555555554,Perch 2.0,Mahalanobis_z
eval_at,"[0.320656871218669, 64.33702882483371, 371, 1612]",0.3347303789854046,25.055555555555554,Perch 2.0,Mahalanobis_z
eval_at,"[0.31374243733794294, 64.01773835920177, 363, 1604]",0.3546576148271561,25.055555555555554,Perch 2.0,Mahalanobis_z
eval_at,"[0.31547104580812446, 63.77827050997783, 365, 1598]",0.3734519100189206,25.055555555555554,Perch 2.0,Mahalanobis_z
eval_at,"[0.31374243733794294, 63.41906873614191, 363, 1589]",0.39219827651977535,25.055555555555554,Perch 2.0,Mahalanobis_z
eval_at,"[0.31201382886776147, 62.82039911308205, 361, 1574]",0.4112467749416828,25.055555555555554,Perch 2.0,Mahalanobis_z
eval_at,"[0.3146067415730337, 62.381374722838146, 364, 1563]",0.4301584511995315,25.055555555555554,Perch 2.0,Mahalanobis_z
eval_at,"[0.31547104580812446, 61.82261640798227, 365, 1549]",0.4502533306181428,25.055555555555554,Perch 2.0,Mahalanobis_z
eval_at,"[0.31287813310285223, 61.383592017738366, 362, 1538]",0.47016853690147403,25.055555555555554,Perch 2.0,Mahalanobis_z
eval_at,"[0.3094209161624892, 60.705099778270515, 358, 1521]",0.4900863766670227,25.055555555555554,Perch 2.0,Mahalanobis_z
eval_at,"[0.30682800345721695, 60.226164079822624, 355, 1509]",0.5091561365127563,25.055555555555554,Perch 2.0,Mahalanobis_z
eval_at,"[0.3050993949870354, 59.82705099778271, 353, 1499]",0.5280541527271272,25.055555555555554,Perch 2.0,Mahalanobis_z
eval_at,"[0.30423509075194466, 59.268292682926834, 352, 1485]",0.5469171190261841,25.055555555555554,Perch 2.0,Mahalanobis_z
eval_at,"[0.30337078651685395, 58.47006651884701, 351, 1465]",0.5688760221004486,25.055555555555554,Perch 2.0,Mahalanobis_z
eval_at,"[0.3016421780466724, 58.11086474501109, 349, 1456]",0.5935685098171235,25.055555555555554,Perch 2.0,Mahalanobis_z
eval_at,"[0.29818496110630943, 57.79157427937916, 345, 1448]",0.6165302348136903,25.055555555555554,Perch 2.0,Mahalanobis_z
eval_at,"[0.2938634399308557, 57.23281596452328, 340, 1434]",0.6367178249359131,25.055555555555554,Perch 2.0,Mahalanobis_z
eval_at,"[0.29818496110630943, 56.35476718403548, 345, 1412]",0.6567489561438562,25.055555555555554,Perch 2.0,Mahalanobis_z
eval_at,"[0.29559204840103714, 56.31485587583149, 342, 1411]",0.6812767428159714,25.055555555555554,Perch 2.0,Mahalanobis_z
eval_at,"[0.29559204840103714, 55.8359201773836, 342, 1399]",0.7038734927773479,25.055555555555554,Perch 2.0,Mahalanobis_z
eval_at,"[0.2929991356957649, 55.31707317073171, 339, 1386]",0.7263665485382083,25.055555555555554,Perch 2.0,Mahalanobis_z
eval_at,"[0.29213483146067415, 54.9179600886918, 338, 1376]",0.7504880651831627,25.055555555555554,Perch 2.0,Mahalanobis_z
eval_at,"[0.2895419187554019, 54.59866962305987, 335, 1368]",0.7717323219776151,25.055555555555554,Perch 2.0,Mahalanobis_z
eval_at,"[0.28867761452031115, 54.27937915742794, 334, 1360]",0.7986399513483046,25.055555555555554,Perch 2.0,Mahalanobis_z
eval_at,"[0.28694900605012963, 53.68070953436808, 332, 1345]",0.8245276153087616,25.055555555555554,Perch 2.0,Mahalanobis_z
eval_at,"[0.28694900605012963, 53.48115299334812, 332, 1340]",0.8492991364002227,25.055555555555554,Perch 2.0,Mahalanobis_z
eval_at,"[0.28522039757994816, 52.882483370288256, 330, 1325]",0.8739915001392362,25.055555555555554,Perch 2.0,Mahalanobis_z
eval_at,"[0.28003457216940364, 52.00443458980045, 324, 1303]",0.8979174426198006,25.055555555555554,Perch 2.0,Mahalanobis_z
eval_at,"[0.27657735522904064, 51.485587583148565, 320, 1290]",0.9247286200523375,25.055555555555554,Perch 2.0,Mahalanobis_z
eval_at,"[0.2731201382886776, 51.086474501108654, 316, 1280]",0.9490574404597281,25.055555555555554,Perch 2.0,Mahalanobis_z
eval_at,"[0.2713915298184961, 50.248337028824835, 314, 1259]",0.975811749100685,25.055555555555554,Perch 2.0,Mahalanobis_z
eval_at,"[0.27052722558340536, 49.490022172949004, 313, 1240]",1.0033758836984634,25.055555555555554,Perch 2.0,Mahalanobis_z
eval_at,"[0.2662057044079516, 49.0509977827051, 308, 1229]",1.0304751420021059,25.055555555555554,Perch 2.0,Mahalanobis_z
eval_at,"[0.26188418323249785, 48.09312638580931, 303, 1205]",1.0568453460931777,25.055555555555554,Perch 2.0,Mahalanobis_z
eval_at,"[0.2601555747623163, 47.13525498891353, 301, 1181]",1.0862916707992554,25.055555555555554,Perch 2.0,Mahalanobis_z
eval_at,"[0.2575626620570441, 46.29711751662972, 298, 1160]",1.1121751767396932,25.055555555555554,Perch 2.0,Mahalanobis_z
eval_at,"[0.2541054451166811, 45.019955654102, 294, 1128]",1.1457635688781738,25.055555555555554,Perch 2.0,Mahalanobis_z
eval_at,"[0.24719101123595505, 44.34146341463415, 286, 1111]",1.1799641585350038,25.055555555555554,Perch 2.0,Mahalanobis_z
eval_at,"[0.2428694900605013, 43.742793791574286, 281, 1096]",1.2122404241561895,25.055555555555554,Perch 2.0,Mahalanobis_z
eval_at,"[0.23336214347450301, 42.745011086474506, 270, 1071]",1.2429319113492965,25.055555555555554,Perch 2.0,Mahalanobis_z
eval_at,"[0.226447709593777, 42.146341463414636, 262, 1056]",1.2724865102767944,25.055555555555554,Perch 2.0,Mahalanobis_z
eval_at,"[0.22212618841832324, 41.308203991130824, 257, 1035]",1.3062055319547665,25.055555555555554,Perch 2.0,Mahalanobis_z
eval_at,"[0.22039757994814174, 40.629711751662974, 255, 1018]",1.3439827120304106,25.055555555555554,Perch 2.0,Mahalanobis_z
eval_at,"[0.212618841832325, 39.91130820399113, 246, 1000]",1.3808543926477435,25.055555555555554,Perch 2.0,Mahalanobis_z
eval_at,"[0.20570440795159897, 38.91352549889135, 238, 975]",1.417829942703249,25.055555555555554,Perch 2.0,Mahalanobis_z
eval_at,"[0.1996542783059637, 38.15521064301552, 231, 956]",1.4598900717496872,25.055555555555554,Perch 2.0,Mahalanobis_z
eval_at,"[0.19273984442523767, 37.3569844789357, 223, 936]",1.4999747002124786,25.055555555555554,Perch 2.0,Mahalanobis_z
eval_at,"[0.18755401901469318, 36.11973392461198, 217, 905]",1.5410583215951918,25.055555555555554,Perch 2.0,Mahalanobis_z
eval_at,"[0.1797752808988764, 35.08203991130821, 208, 879]",1.5843277502059936,25.055555555555554,Perch 2.0,Mahalanobis_z
eval_at,"[0.17286084701815038, 34.04434589800444, 200, 853]",1.629963189363477,25.055555555555554,Perch 2.0,Mahalanobis_z
eval_at,"[0.16853932584269662, 33.08647450110865, 195, 829]",1.682170276641845,25.055555555555554,Perch 2.0,Mahalanobis_z
eval_at,"[0.16248919619706137, 32.128603104212864, 188, 805]",1.730809800028801,25.055555555555554,Perch 2.0,Mahalanobis_z
eval_at,"[0.1598962834917891, 31.210643015521068, 185, 782]",1.7783898162841791,25.055555555555554,Perch 2.0,Mahalanobis_z
eval_at,"[0.15730337078651685, 30.212860310421288, 182, 757]",1.8317637127637856,25.055555555555554,Perch 2.0,Mahalanobis_z
eval_at,"[0.1512532411408816, 28.736141906873616, 175, 720]",1.8775479257106784,25.055555555555554,Perch 2.0,Mahalanobis_z
eval_at,"[0.14779602420051857, 27.618625277161865, 171, 692]",1.940312200188636,25.055555555555554,Perch 2.0,Mahalanobis_z
eval_at,"[0.14693171996542784, 26.900221729490024, 170, 674]",2.005365447998047,25.055555555555554,Perch 2.0,Mahalanobis_z
eval_at,"[0.14088159031979255, 25.702882483370292, 163, 644]",2.0761050593853,25.055555555555554,Perch 2.0,Mahalanobis_z
eval_at,"[0.1365600691443388, 24.864745011086477, 158, 623]",2.1425848317146303,25.055555555555554,Perch 2.0,Mahalanobis_z
eval_at,"[0.13050993949870354, 23.62749445676275, 151, 592]",2.219351887702942,25.055555555555554,Perch 2.0,Mahalanobis_z
eval_at,"[0.12273120138288678, 22.669623059866964, 142, 568]",2.2957104873657235,25.055555555555554,Perch 2.0,Mahalanobis_z
eval_at,"[0.11754537597234227, 21.671840354767184, 136, 543]",2.39490181326866,25.055555555555554,Perch 2.0,Mahalanobis_z
eval_at,"[0.11235955056179775, 20.394678492239468, 130, 511]",2.490304098129273,25.055555555555554,Perch 2.0,Mahalanobis_z
eval_at,"[0.10717372515125324, 19.277161862527716, 124, 483]",2.5982922911644004,25.055555555555554,Perch 2.0,Mahalanobis_z
eval_at,"[0.09939498703543648, 17.401330376940134, 115, 436]",2.711599016189574,25.055555555555554,Perch 2.0,Mahalanobis_z
eval_at,"[0.09248055315471046, 16.243902439024392, 107, 407]",2.844463891983032,25.055555555555554,Perch 2.0,Mahalanobis_z
eval_at,"[0.08729472774416594, 15.325942350332596, 101, 384]",2.971306679248813,25.055555555555554,Perch 2.0,Mahalanobis_z
eval_at,"[0.08556611927398444, 14.08869179600887, 99, 353]",3.122643685340881,25.055555555555554,Perch 2.0,Mahalanobis_z
eval_at,"[0.08124459809853068, 12.691796008869181, 94, 318]",3.2838022041320807,25.055555555555554,Perch 2.0,Mahalanobis_z
eval_at,"[0.07692307692307693, 11.534368070953438, 89, 289]",3.489691573381424,25.055555555555554,Perch 2.0,Mahalanobis_z
eval_at,"[0.0682800345721694, 10.576496674057651, 79, 265]",3.750942151546478,25.055555555555554,Perch 2.0,Mahalanobis_z
eval_at,"[0.06309420916162489, 9.53880266075388, 73, 239]",3.980320152044297,25.055555555555554,Perch 2.0,Mahalanobis_z
eval_at,"[0.059636992221261884, 8.580931263858094, 69, 215]",4.336554164886472,25.055555555555554,Perch 2.0,Mahalanobis_z
eval_at,"[0.05358686257562662, 7.623059866962307, 62, 191]",4.781342539787293,25.055555555555554,Perch 2.0,Mahalanobis_z
eval_at,"[0.05012964563526361, 6.385809312638582, 58, 160]",5.311858701705932,25.055555555555554,Perch 2.0,Mahalanobis_z
eval_at,"[0.04235090751944685, 5.4279379157427945, 49, 136]",5.909870102405548,25.055555555555554,Perch 2.0,Mahalanobis_z
eval_at,"[0.037165082108902334, 4.5099778270509985, 43, 113]",6.68274753570557,25.055555555555554,Perch 2.0,Mahalanobis_z
eval_at,"[0.03025064822817632, 3.3924611973392462, 35, 85]",7.7392085719107735,25.055555555555554,Perch 2.0,Mahalanobis_z
eval_at,"[0.024200518582541054, 2.7139689578713972, 28, 68]",9.232874097824077,25.055555555555554,Perch 2.0,Mahalanobis_z
eval_at,"[0.015557476231633534, 2.155210643015521, 18, 54]",12.130772304534917,25.055555555555554,Perch 2.0,Mahalanobis_z
eval_at,"[0.010371650821089023, 2.035476718403548, 12, 51]",14.849669513702386,25.055555555555554,Perch 2.0,Mahalanobis_z
eval_at,"[0.007778738115816767, 1.2771618625277164, 9, 32]",18.244232435226436,25.055555555555554,Perch 2.0,Mahalanobis_z
eval_at,"[0.0025929127052722557, 0.7982261640798227, 3, 20]",26.120084743499774,25.055555555555554,Perch 2.0,Mahalanobis_z
eval_at,"[0.000864304235090752, 0.5188470066518848, 1, 13]",41.743897037506045,25.055555555555554,Perch 2.0,Mahalanobis_z
eval_at,"[0.32843560933448573, 67.01108647450111, 380, 1679]",0.0208765659481287,25.055555555555554,Perch 2.0,CCED2_z
eval_at,"[0.33016421780466726, 67.25055432372505, 382, 1685]",0.038744750693440334,25.055555555555554,Perch 2.0,CCED2_z
eval_at,"[0.33189282627484873, 67.21064301552107, 384, 1684]",0.05761108323931712,25.055555555555554,Perch 2.0,CCED2_z
eval_at,"[0.33016421780466726, 67.41019955654103, 382, 1689]",0.07667575955390948,25.055555555555554,Perch 2.0,CCED2_z
eval_at,"[0.32757130509939497, 67.37028824833703, 379, 1688]",0.09499675989151,25.055555555555554,Perch 2.0,CCED2_z
eval_at,"[0.324114088159032, 67.56984478935699, 375, 1693]",0.11346807386726158,25.055555555555554,Perch 2.0,CCED2_z
eval_at,"[0.32238547968885045, 67.49002217294901, 373, 1691]",0.13129672974348075,25.055555555555554,Perch 2.0,CCED2_z
eval_at,"[0.3197925669835782, 67.33037694013305, 370, 1687]",0.1484597933292389,25.055555555555554,Perch 2.0,CCED2_z
eval_at,"[0.3232497839239412, 66.93126385809313, 374, 1677]",0.16538469552993842,25.055555555555554,Perch 2.0,CCED2_z
eval_at,"[0.3232497839239412, 66.73170731707317, 374, 1672]",0.18331098139286042,25.055555555555554,Perch 2.0,CCED2_z
eval_at,"[0.32152117545375974, 66.01330376940133, 372, 1654]",0.20322808921337135,25.055555555555554,Perch 2.0,CCED2_z
eval_at,"[0.32152117545375974, 65.69401330376941, 372, 1646]",0.22203501634299772,25.055555555555554,Perch 2.0,CCED2_z
eval_at,"[0.320656871218669, 65.41463414634147, 371, 1639]",0.24140713691711443,25.055555555555554,Perch 2.0,CCED2_z
eval_at,"[0.32152117545375974, 64.77605321507761, 372, 1623]",0.26041711494326586,25.055555555555554,Perch 2.0,CCED2_z
eval_at,"[0.3197925669835782, 64.53658536585367, 370, 1617]",0.2777109372615811,25.055555555555554,Perch 2.0,CCED2_z
eval_at,"[0.31374243733794294, 64.33702882483371, 363, 1612]",0.29873567223548886,25.055555555555554,Perch 2.0,CCED2_z
eval_at,"[0.3111495246326707, 64.49667405764967, 360, 1616]",0.3159276884794233,25.055555555555554,Perch 2.0,CCED2_z
eval_at,"[0.30855661192739847, 64.57649667405765, 357, 1618]",0.3343737497925757,25.055555555555554,Perch 2.0,CCED2_z
eval_at,"[0.30682800345721695, 64.33702882483371, 355, 1612]",0.35264659017324446,25.055555555555554,Perch 2.0,CCED2_z
eval_at,"[0.30682800345721695, 64.01773835920177, 355, 1604]",0.3718572404980659,25.055555555555554,Perch 2.0,CCED2_z
eval_at,"[0.3050993949870354, 63.09977827050998, 353, 1581]",0.39095842242240886,25.055555555555554,Perch 2.0,CCED2_z
eval_at,"[0.3025064822817632, 62.421286031042136, 350, 1564]",0.40823986917734145,25.055555555555554,Perch 2.0,CCED2_z
eval_at,"[0.2990492653414002, 62.1419068736142, 346, 1557]",0.4283976817131042,25.055555555555554,Perch 2.0,CCED2_z
eval_at,"[0.2964563526361279, 61.82261640798227, 343, 1549]",0.4511383280158041,25.055555555555554,Perch 2.0,CCED2_z
eval_at,"[0.2938634399308557, 60.345898004434595, 340, 1512]",0.47141331315040597,25.055555555555554,Perch 2.0,CCED2_z
eval_at,"[0.29559204840103714, 59.82705099778271, 342, 1499]",0.49097342416644096,25.055555555555554,Perch 2.0,CCED2_z
eval_at,"[0.29732065687121867, 59.46784922394679, 344, 1490]",0.5116690570116043,25.055555555555554,Perch 2.0,CCED2_z
eval_at,"[0.2964563526361279, 59.18847006651885, 343, 1483]",0.5332075721025468,25.055555555555554,Perch 2.0,CCED2_z
eval_at,"[0.2964563526361279, 59.268292682926834, 343, 1485]",0.5559275674819947,25.055555555555554,Perch 2.0,CCED2_z
eval_at,"[0.29472774416594644, 58.11086474501109, 341, 1456]",0.57550686866045,25.055555555555554,Perch 2.0,CCED2_z
eval_at,"[0.29472774416594644, 57.47228381374723, 341, 1440]",0.5944097697734834,25.055555555555554,Perch 2.0,CCED2_z
eval_at,"[0.2929991356957649, 57.39246119733925, 339, 1438]",0.6151542526483537,25.055555555555554,Perch 2.0,CCED2_z
eval_at,"[0.29213483146067415, 57.27272727272728, 338, 1435]",0.6398334121704101,25.055555555555554,Perch 2.0,CCED2_z
eval_at,"[0.2929991356957649, 56.95343680709535, 339, 1427]",0.6628223180770877,25.055555555555554,Perch 2.0,CCED2_z
eval_at,"[0.29213483146067415, 56.95343680709535, 338, 1427]",0.6847587907314306,25.055555555555554,Perch 2.0,CCED2_z
eval_at,"[0.2929991356957649, 56.51441241685144, 339, 1416]",0.7065689727663995,25.055555555555554,Perch 2.0,CCED2_z
eval_at,"[0.2895419187554019, 56.11529933481153, 335, 1406]",0.7296823215484621,25.055555555555554,Perch 2.0,CCED2_z
eval_at,"[0.28694900605012963, 55.31707317073171, 332, 1386]",0.7526167783141141,25.055555555555554,Perch 2.0,CCED2_z
eval_at,"[0.28522039757994816, 55.15742793791575, 330, 1382]",0.774696364402771,25.055555555555554,Perch 2.0,CCED2_z
eval_at,"[0.28349178910976663, 54.35920177383593, 328, 1362]",0.8006931576132768,25.055555555555554,Perch 2.0,CCED2_z
eval_at,"[0.28349178910976663, 53.76053215077606, 328, 1347]",0.8243290245532989,25.055555555555554,Perch 2.0,CCED2_z
eval_at,"[0.28262748487467587, 53.1219512195122, 327, 1331]",0.8449576377868651,25.055555555555554,Perch 2.0,CCED2_z
eval_at,"[0.28349178910976663, 52.44345898004435, 328, 1314]",0.8684623575210569,25.055555555555554,Perch 2.0,CCED2_z
eval_at,"[0.28262748487467587, 52.164079822616415, 327, 1307]",0.8940566363930702,25.055555555555554,Perch 2.0,CCED2_z
eval_at,"[0.2817631806395851, 51.525498891352555, 326, 1291]",0.9181615686416625,25.055555555555554,Perch 2.0,CCED2_z
eval_at,"[0.2808988764044944, 50.807095343680714, 325, 1273]",0.9406329154968261,25.055555555555554,Perch 2.0,CCED2_z
eval_at,"[0.2757130509939499, 50.128603104212864, 319, 1256]",0.9690596246719357,25.055555555555554,Perch 2.0,CCED2_z
eval_at,"[0.27398444252376836, 49.569844789356985, 317, 1242]",0.9964048904180527,25.055555555555554,Perch 2.0,CCED2_z
eval_at,"[0.26793431287813313, 48.85144124168515, 310, 1224]",1.0207239985466006,25.055555555555554,Perch 2.0,CCED2_z
eval_at,"[0.2644770959377701, 48.09312638580931, 306, 1205]",1.04488733112812,25.055555555555554,Perch 2.0,CCED2_z
eval_at,"[0.26188418323249785, 47.53436807095344, 303, 1191]",1.0719565451145172,25.055555555555554,Perch 2.0,CCED2_z
eval_at,"[0.25583405358686256, 46.97560975609756, 296, 1177]",1.0996049422025682,25.055555555555554,Perch 2.0,CCED2_z
eval_at,"[0.25064822817631804, 45.9379157427938, 290, 1151]",1.1310334300994873,25.055555555555554,Perch 2.0,CCED2_z
eval_at,"[0.24719101123595505, 45.13968957871397, 286, 1131]",1.1616150796413423,25.055555555555554,Perch 2.0,CCED2_z
eval_at,"[0.2445980985306828, 44.30155210643016, 283, 1110]",1.1906177651882175,25.055555555555554,Perch 2.0,CCED2_z
eval_at,"[0.2394122731201383, 43.30376940133038, 277, 1085]",1.220469871163368,25.055555555555554,Perch 2.0,CCED2_z
eval_at,"[0.23422644770959378, 42.745011086474506, 271, 1071]",1.2553796768188477,25.055555555555554,Perch 2.0,CCED2_z
eval_at,"[0.22990492653414002, 41.986696230598675, 266, 1052]",1.28921854376793,25.055555555555554,Perch 2.0,CCED2_z
eval_at,"[0.2247191011235955, 41.308203991130824, 260, 1035]",1.3189500570297241,25.055555555555554,Perch 2.0,CCED2_z
eval_at,"[0.21866897147796024, 40.629711751662974, 253, 1018]",1.354129006266594,25.055555555555554,Perch 2.0,CCED2_z
eval_at,"[0.2143474503025065, 39.79157427937916, 248, 997]",1.3871326446533212,25.055555555555554,Perch 2.0,CCED2_z
eval_at,"[0.20916162489196197, 38.67405764966741, 242, 969]",1.420909129977226,25.055555555555554,Perch 2.0,CCED2_z
eval_at,"[0.2048401037165082, 37.67627494456763, 237, 944]",1.4580653631687166,25.055555555555554,Perch 2.0,CCED2_z
eval_at,"[0.1996542783059637, 36.75831485587583, 231, 921]",1.4953738659620284,25.055555555555554,Perch 2.0,CCED2_z
eval_at,"[0.18668971477960242, 35.64079822616408, 216, 893]",1.536540975570679,25.055555555555554,Perch 2.0,CCED2_z
eval_at,"[0.18409680207433016, 34.52328159645233, 213, 865]",1.5784648388624172,25.055555555555554,Perch 2.0,CCED2_z
eval_at,"[0.17545375972342264, 33.80487804878049, 203, 847]",1.6222872531414032,25.055555555555554,Perch 2.0,CCED2_z
eval_at,"[0.17199654278305965, 32.527716186252775, 199, 815]",1.6693965733051301,25.055555555555554,Perch 2.0,CCED2_z
eval_at,"[0.1676750216076059, 31.529933481152995, 194, 790]",1.7151319646835317,25.055555555555554,Perch 2.0,CCED2_z
eval_at,"[0.16248919619706137, 30.412416851441243, 188, 762]",1.7636803501844402,25.055555555555554,Perch 2.0,CCED2_z
eval_at,"[0.15903197925669835, 29.2549889135255, 184, 733]",1.8146561145782472,25.055555555555554,Perch 2.0,CCED2_z
eval_at,"[0.1529818496110631, 27.898004434589804, 177, 699]",1.869568216204642,25.055555555555554,Perch 2.0,CCED2_z
eval_at,"[0.14606741573033707, 27.05986696230599, 169, 678]",1.9314081692695617,25.055555555555554,Perch 2.0,CCED2_z
eval_at,"[0.14088159031979255, 25.902439024390247, 163, 649]",2.0022656321525574,25.055555555555554,Perch 2.0,CCED2_z
eval_at,"[0.13742437337942956, 24.62527716186253, 159, 617]",2.0715411758422846,25.055555555555554,Perch 2.0,CCED2_z
eval_at,"[0.1313742437337943, 23.787139689578716, 152, 596]",2.145380675792694,25.055555555555554,Perch 2.0,CCED2_z
eval_at,"[0.12791702679343128, 23.068736141906875, 148, 578]",2.210714550018312,25.055555555555554,Perch 2.0,CCED2_z
eval_at,"[0.11927398444252377, 22.031042128603104, 138, 552]",2.283689969778058,25.055555555555554,Perch 2.0,CCED2_z
eval_at,"[0.11495246326707001, 20.674057649667407, 133, 518]",2.379721479415894,25.055555555555554,Perch 2.0,CCED2_z
eval_at,"[0.10803802938634399, 19.237250554323726, 125, 482]",2.4798666143417365,25.055555555555554,Perch 2.0,CCED2_z
eval_at,"[0.10285220397579949, 18.518847006651885, 119, 464]",2.575740885734557,25.055555555555554,Perch 2.0,CCED2_z
eval_at,"[0.09593777009507347, 17.401330376940134, 111, 436]",2.6925746881961827,25.055555555555554,Perch 2.0,CCED2_z
eval_at,"[0.0898876404494382, 16.044345898004437, 104, 402]",2.8248726177215593,25.055555555555554,Perch 2.0,CCED2_z
eval_at,"[0.08729472774416594, 14.487804878048781, 101, 363]",2.959192910194397,25.055555555555554,Perch 2.0,CCED2_z
eval_at,"[0.08383751080380294, 12.851441241685146, 97, 322]",3.1059256744384776,25.055555555555554,Perch 2.0,CCED2_z
eval_at,"[0.07605877268798616, 11.65410199556541, 88, 292]",3.2822985351085707,25.055555555555554,Perch 2.0,CCED2_z
eval_at,"[0.07260155574762317, 10.416851441241686, 84, 261]",3.4886963462829588,25.055555555555554,Perch 2.0,CCED2_z
eval_at,"[0.07087294727744166, 9.339246119733925, 82, 234]",3.716131268739703,25.055555555555554,Perch 2.0,CCED2_z
eval_at,"[0.06309420916162489, 8.82039911308204, 73, 221]",4.041661911010738,25.055555555555554,Perch 2.0,CCED2_z
eval_at,"[0.055315471045808126, 7.543237250554324, 64, 189]",4.42125803232193,25.055555555555554,Perch 2.0,CCED2_z
eval_at,"[0.045808124459809856, 6.465631929046563, 53, 162]",4.908233118057245,25.055555555555554,Perch 2.0,CCED2_z
eval_at,"[0.04235090751944685, 5.62749445676275, 49, 141]",5.512560698986053,25.055555555555554,Perch 2.0,CCED2_z
eval_at,"[0.04062229904926534, 4.669623059866963, 47, 117]",6.210786800384526,25.055555555555554,Perch 2.0,CCED2_z
eval_at,"[0.03025064822817632, 3.5521064301552108, 35, 89]",7.170157589912398,25.055555555555554,Perch 2.0,CCED2_z
eval_at,"[0.025064822817631807, 2.9135254988913526, 29, 73]",8.670160980224608,25.055555555555554,Perch 2.0,CCED2_z
eval_at,"[0.016421780466724288, 2.1152993348115303, 19, 53]",10.882231831550618,25.055555555555554,Perch 2.0,CCED2_z
eval_at,"[0.01296456352636128, 1.9556541019955656, 15, 49]",14.08688470840454,25.055555555555554,Perch 2.0,CCED2_z
eval_at,"[0.007778738115816767, 1.3968957871396896, 9, 35]",16.53977676391601,25.055555555555554,Perch 2.0,CCED2_z
eval_at,"[0.001728608470181504, 0.7982261640798227, 2, 20]",24.258358707428087,25.055555555555554,Perch 2.0,CCED2_z
eval_at,"[0.000864304235090752, 0.47893569844789363, 1, 12]",35.3790831947326,25.055555555555554,Perch 2.0,CCED2_z
